title,company,location,price,link
Data Center Technician (DCO),未記入,,大阪市,https://jp.indeed.com/viewjob?jk=61f9ebdc9bd2ef3a
未経験OK人工知能にも使われるPythonのプログラマ,未記入,"
株式会社システムアート　大阪支店",大阪市 梅田駅,https://jp.indeed.com/viewjob?jk=f143900e120004a6
3D Character Designer,年収 300万 ~ 800万円,"
Fidel Consulting",大阪市,https://jp.indeed.com/viewjob?jk=da34d906086ee0d7
技術職,月給 27.2万円,,摂津市,https://jp.indeed.com/viewjob?jk=d53cc8f9faae43ee
【ゲーム開発】テスト・ビルドエンジニア,未記入,,大阪市 中央区,https://jp.indeed.com/viewjob?jk=b1f259896746dbe2
クラウドサポートエンジニア (Windows Specialist) 大阪,未記入,,大阪市,https://jp.indeed.com/viewjob?jk=c301e9c4a888438d
AIエンジニア,月給 28.5万 ~ 50.0万円,"
株式会社スマレジ",大阪市 本町,https://jp.indeed.com/viewjob?jk=f060550d3b68cf0b
アーティスト,月給 23.3万円,"
株式会社ヘキサドライブ",大阪市 難波中,https://jp.indeed.com/viewjob?jk=8509b6c41f248a0c
クラウドサポートエンジニア (Database Specialist)　大阪,未記入,,大阪市,https://jp.indeed.com/viewjob?jk=023898350a49d76e
Python/AWS Lamnda開発@大阪・京橋駅,年収 480万 ~ 520万円,,大阪市 中央区,https://jp.indeed.com/viewjob?jk=030a4ac60bb9eb51
クラウドサポートエンジニア (Big Data Specialist) 大阪,未記入,,大阪市,https://jp.indeed.com/viewjob?jk=8fd0762b1f0d9580
画像・AIアルゴリズム開発者,未記入,,高槻市,https://jp.indeed.com/viewjob?jk=3831857ee7cabf0d
Web・スマホアプリエンジニア,月給 23万 ~ 45万円,"
株式会社ナノコネクト",大阪市 北区,https://jp.indeed.com/viewjob?jk=986a218f287734c6
プログラマー,月給 21万 ~ 51万円,"
スプラウト株式会社",大阪市 江戸堀,https://jp.indeed.com/viewjob?jk=3a860fe17a753bad
気象コンテンツの開発・運用,未記入,"
日本気象株式会社",大阪市 城見,https://jp.indeed.com/viewjob?jk=57646796339278d2
システムエンジニア,月給 20万円,"
徳洲会インフォメーションシステム株式会社",大阪市 北区梅田,https://jp.indeed.com/viewjob?jk=9e1ecb2de8b62762
データセンターテクニシャン(DCO) / Data Center Technician (DCO),未記入,,大阪市,https://jp.indeed.com/viewjob?jk=83f5d4ffda29eb70
アプリケーションエンジニア,年収 400万 ~ 800万円,"
アイレット株式会社",大阪市 大深町,https://jp.indeed.com/viewjob?jk=a2f8b3a6debcdad2
システム開発(Web・オープン・モバイル系)/正社員,月給 25万円,"
株式会社Acro Connect",大阪市,https://jp.indeed.com/viewjob?jk=d4323a5e51f425d9
サーバーエンジニア(サーバー管理),月給 31.4万円,"
エックスサーバー株式会社",大阪市 大深町,https://jp.indeed.com/viewjob?jk=6935d3ab716554fc
AIアーキテクト,年収 400万 ~ 700万円,,泉佐野市 りんくうタウン駅,https://jp.indeed.com/viewjob?jk=5f4dbffc1c6571a8
データ集計・分析担当(BIツールを用いた分析のスペシャリスト),未記入,"
株式会社キーエンス",大阪市 新大阪駅,https://jp.indeed.com/viewjob?jk=b4f234f3abca5ecb
システムエンジニア,未記入,"
株式会社I-SEED",大阪市 中央区,https://jp.indeed.com/viewjob?jk=b0e5c3c7ff743285
WEBエンジニア,未記入,"
株式会社 第一住建",大阪市 備後町,https://jp.indeed.com/viewjob?jk=7161305f593717be
PHPエンジニア(プログラマー),月給 20万 ~ 50万円,"
株式会社　　エース",大阪市 南本町,https://jp.indeed.com/viewjob?jk=de63fe869a84c41c
Game Development Engineer(Server Side),年収 500万 ~ 950万円,"
Fidel Consulting",大阪市,https://jp.indeed.com/viewjob?jk=41851a9c1a2ca6a2
炎のゲームプログラマー,未記入,"
株式会社ニューロン・エイジ",大阪市 中央区,https://jp.indeed.com/viewjob?jk=94966047f8acd94d
システムエンジニア　システムエンジニア(Web・オープン系),月給 25万 ~ 60万円,"
シー・システム株式会社",大阪市,https://jp.indeed.com/viewjob?jk=882a6aae00115aa8
【ゲーム開発】データアナリスト,未記入,,大阪市 中央区,https://jp.indeed.com/viewjob?jk=bad7864c834cf5db
内製PHPエンジニア,年収 350万 ~ 500万円,,大阪市 新大阪駅,https://jp.indeed.com/viewjob?jk=cbff097b84157b2d
Python使用/インフラ構築業務/江坂駅,未記入,,吹田市,https://jp.indeed.com/viewjob?jk=30e5149fe84b8dfa
撮影・カメラマン(男女)・フォトグラファー/役者・エキストラ/イベント系 内容更新 パソコンスクール企業紹介の動画出演·作成補助,"時給 1,200円","
小野システムズ合同会社",大阪市 北新地駅,https://jp.indeed.com/viewjob?jk=b687330dbe270080
Webアプリエンジニア,年収 400万 ~ 800万円,"
アイレット株式会社",大阪市 大深町,https://jp.indeed.com/viewjob?jk=9737bddbfb73de09
システム開発(Web・オープン・モバイル系)/正社員,月給 25万 ~ 50万円,"
株式会社サーバントップ",大阪市,https://jp.indeed.com/viewjob?jk=1b920ee888357734
インフラエンジニア,年収 533万 ~ 750万円,,大阪市 鶴野町,https://jp.indeed.com/viewjob?jk=b6073279f1809549
データサイエンティスト(全社データを活用した分析・戦略立案),未記入,"
株式会社キーエンス",大阪市 新大阪駅,https://jp.indeed.com/viewjob?jk=1e625a0677e07580
ソフト評価　,月給 25万 ~ 45万円,"
エクトミシステム株式会社",大阪市 本町駅,https://jp.indeed.com/viewjob?jk=db83d7e31b45db0f
営業職,年収 240万 ~ 720万円,"
株式会社SceneLive",大阪市 備後町,https://jp.indeed.com/viewjob?jk=0a2f4fa359a21920
テクニカルエバンジェリスト,未記入,"
サイボウズ株式会社",大阪市 角田町,https://jp.indeed.com/viewjob?jk=b66de64f633b178c
【ゲーム開発】データエンジニア,未記入,,大阪市 中央区,https://jp.indeed.com/viewjob?jk=5515cc2733f5deb4
ITエンジニア　システムエンジニア(Web・オープン系),月給 35万円,"
株式会社リーディング・エッジ社",大阪市,https://jp.indeed.com/viewjob?jk=1bf146a4d2404afa
インフラエンジニア,年収 400万 ~ 800万円,"
アイレット株式会社",大阪市 大深町,https://jp.indeed.com/viewjob?jk=f676dde54847ad11
システムエンジニア,月給 25万円,,大阪市,https://jp.indeed.com/viewjob?jk=5150a2a2698fa0db
データサイエンティスト,年収 300万 ~ 600万円,"
Vogaro株式会社",大阪市 福島区,https://jp.indeed.com/viewjob?jk=b6581764131126e2
【大阪在住の方限定】IT職員大募集,月給 20万 ~ 30万円,"
エクトミシステム株式会社",大阪市 本町駅,https://jp.indeed.com/viewjob?jk=d2cbd8c11999f3ca
テクニカルコミュニケーター,未記入,"
サイボウズ株式会社",大阪市 角田町,https://jp.indeed.com/viewjob?jk=5989048e02a9ff74
ITソリューション開発エンジニア,年収 450万 ~ 800万円,"
株式会社 NTTデータMSE",大阪市 淀川区,https://jp.indeed.com/viewjob?jk=b81544f25b0fd28f
データサイエンティスト(AI・ディープラーニング エンジニア),月給 25万 ~ 35万円,"
株式会社新大陸",大阪市 南堀江,https://jp.indeed.com/viewjob?jk=9432fb31c33bda5a
【ゲーム開発】ツールエンジニア,未記入,,大阪市 中央区,https://jp.indeed.com/viewjob?jk=628b6b88e95d5c4a
自社メディア開発,"年収 450万 ~ 1,099万円","
Earth　Technology株式会社",大阪市,https://jp.indeed.com/viewjob?jk=a997e3dc0e39a94a
プログラマー・システムエンジニア,月給 22万円,"
株式会社トワール",大阪市,https://jp.indeed.com/viewjob?jk=5e7f44538ae438b4
Web・アプリエンジニア,月給 27万円,"
株式会社i-plug",大阪市 西中島,https://jp.indeed.com/viewjob?jk=85fc3d607064a330
塾講師,"時給 1,000 ~ 2,500円","
ロボ団箕面校",箕面市 牧落,https://jp.indeed.com/viewjob?jk=2be7869360109ab9
アプリケーション開発,年収 500万 ~ 700万円,"
アイレット株式会社",大阪市 大深町,https://jp.indeed.com/viewjob?jk=dec6f3120e626731
Deep Learning組み込み技術開発,未記入,,門真市 西三荘駅,https://jp.indeed.com/viewjob?jk=33641374af6f60a3
システムエンジニア,未記入,"
特許業務法人 HARAKENZO WORLD PATENT & TRADEMAR...",大阪市 大阪駅,https://jp.indeed.com/viewjob?jk=eb929cae6d94cb6c
組込み系ソフトウェア開発エンジニア,未記入,"
株式会社アレクソン",大阪市 中央区,https://jp.indeed.com/viewjob?jk=50436c6649dfc305
システムコンサルタント・システムアナリスト・プリセールス/正社員,月給 25万円,"
株式会社アルゴ",大阪市,https://jp.indeed.com/viewjob?jk=1f788f1e6a506554
プログラマ(正社員),月給 25万円,"
日本メディア株式会社",大阪市 阿波座駅,https://jp.indeed.com/viewjob?jk=b20c5ae34c4a18e2
企画運営,未記入,"
株式会社エメラルドオーシャン",大阪市 杭全,https://jp.indeed.com/viewjob?jk=ad17dcc40a6def9f
システムエンジニア(Web・オープン系)　年間休日126日　システムエンジニア(Web・オープン系),月給 23.3万 ~ 40.7万円,"
株式会社ユーネット",大阪市,https://jp.indeed.com/viewjob?jk=3c5817735b61be45
SASプログラマおよびデータサイエンティスト(EXSUS),未記入,"
株式会社CACクロア",大阪市 中央区安土町,https://jp.indeed.com/viewjob?jk=47d521269bbf5445
コンシューマゲーム テクニカルデザイナー,未記入,"
株式会社SNK",吹田市 江坂町,https://jp.indeed.com/viewjob?jk=56424202d45902a1
システムエンジニア　プログラマ(Web・オープン系),月給 25.7万円,"
株式会社ユーネット",大阪市,https://jp.indeed.com/viewjob?jk=b322e5289a12e9c0
クラウド基盤エンジニア(SRE),未記入,"
サイボウズ株式会社",大阪市 角田町,https://jp.indeed.com/viewjob?jk=dda4cf5d01555fa6
システムエンジニア,年収 425万円,"
キヤノン電子テクノロジー株式会社",大阪市 中央区,https://jp.indeed.com/viewjob?jk=2d63a519c84a60ee
電池開発向け材料・シミュレーション開発,未記入,,門真市 西三荘駅,https://jp.indeed.com/viewjob?jk=595b8551b686b9e9
データサイエンティスト,月給 20万円,"
徳洲会インフォメーションシステム株式会社",大阪市 北区梅田,https://jp.indeed.com/viewjob?jk=9f05bfd23740d171
システムエンジニア　プログラマ(Web・オープン系),月給 30万円,,大阪市,https://jp.indeed.com/viewjob?jk=37d056227d4fc07f
コンサルタント/製造(AI技術),年収 400万 ~ 650万円,"
株式会社ワイ・ディ・シー",大阪市 高麗橋,https://jp.indeed.com/viewjob?jk=353adeac470ee8f3
システム開発(Web・オープン・モバイル系)/正社員,月給 20万 ~ 50万円,"
株式会社アイブレイズ",大阪市,https://jp.indeed.com/viewjob?jk=38eacab149993241
プログラマー,未記入,"
株式会社ネオグラフィック",大阪市 新町,https://jp.indeed.com/viewjob?jk=89cc76a1e41baa13
【ゲーム開発】テクニカルアニメーター,未記入,,大阪市 中央区,https://jp.indeed.com/viewjob?jk=d8d391fa614f32c8
プログラマー,月給 25万 ~ 60万円,"
アドバンテージ株式会社",大阪市 本町,https://jp.indeed.com/viewjob?jk=652b4f35ab81914b
"T-HEAD-Staff Engineer, Physical Design",未記入,"
阿里巴巴集团",貝塚市 森駅,https://jp.indeed.com/viewjob?jk=24d9f80b73f99abc
Vieurekaプラットフォームのソフトウェア開発,未記入,,門真市 西三荘駅,https://jp.indeed.com/viewjob?jk=8e38fe99fa6c9962
【ゲーム開発】インフラエンジニア,未記入,,大阪市 中央区,https://jp.indeed.com/viewjob?jk=20a12bcd3fd2fecf
業務系エンジニア,月給 23万 ~ 45万円,"
株式会社ナノコネクト",大阪市 天王寺区,https://jp.indeed.com/viewjob?jk=480cd09327b821bd
ツールプログラマー,未記入,"
株式会社ヘキサドライブ",大阪市 難波中,https://jp.indeed.com/viewjob?jk=ad5e5e1a69ebd454
システム開発エンジニア,月給 20万 ~ 40万円,"
M&Cシステム株式会社",大阪市,https://jp.indeed.com/viewjob?jk=46cb40936e34ead0
Database Engineer (data storage) - Tokyo,未記入,"
Rakuten India Enterprises Private Limite...",大阪市,https://jp.indeed.com/viewjob?jk=fa904f75909724ea
画像・AIアルゴリズム開発者/コンピューター機器業界のシステムエンジニア(マイコン・計測・画像等/制御系),月給 22.8万 ~ 25.5万円,,高槻市,https://jp.indeed.com/viewjob?jk=9434f1cb7b20af5e
組込みエンジニア,月給 23万 ~ 45万円,"
株式会社ナノコネクト",摂津市,https://jp.indeed.com/viewjob?jk=79461c88db51ab3b
プログラマ 未経験者OK,月給 13万円,"
株式会社　コンタクト",大阪市 久太郎町,https://jp.indeed.com/viewjob?jk=b4c28018e4d4242f
インフラエンジニア(設計・構築),年収 400万 ~ 800万円,"
アイレット株式会社",大阪市 大深町,https://jp.indeed.com/viewjob?jk=3cc532ff165dc01a
クラウドサポートアソシエイト(第二新卒)大阪 / Graduate Support Engineer Associate (Osaka),未記入,,大阪市,https://jp.indeed.com/viewjob?jk=cfab78a51ec0f062
インフラエンジニア,月給 28.6万 ~ 125.0万円,"
株式会社ゆめみ",大阪市 難波,https://jp.indeed.com/viewjob?jk=542781ecac2c29b1
4500社以上導入実績有100%自社開発システム!AIエンジニア募集,月給 25万円,"
エフアンドエムネット株式会社",吹田市 江坂町,https://jp.indeed.com/viewjob?jk=75e07d70b453d2a7
Rubyエンジニア,年収 400万 ~ 799万円,"
株式会社インゲージ",大阪市,https://jp.indeed.com/viewjob?jk=a05fdaf2d4e03e3d
社内向けWebシステム開発エンジニア,年収 400万 ~ 700万円,"
アイレット株式会社",大阪市 大深町,https://jp.indeed.com/viewjob?jk=2cbcec3d70e73544
データサイエンティスト・アナリスト,年収 380万円,"
株式会社インフロント",大阪市 西区,https://jp.indeed.com/viewjob?jk=c4680d379da62205
ITエンジニア　プログラマ(制御・組み込み系),月給 24万 ~ 52万円,"
株式会社ベネスト",大阪市,https://jp.indeed.com/viewjob?jk=db1e9a48e1734a75
エンジニア職,年収 300万 ~ 900万円,"
株式会社SceneLive",大阪市 備後町,https://jp.indeed.com/viewjob?jk=4c377611d02d1202
プログラマ ,月給 30.0万 ~ 58.4万円,"
日本システムフォース株式会社",大阪市 北区梅田,https://jp.indeed.com/viewjob?jk=b38c9ef2a415a954
【ゲーム開発】テクニカルアーティスト,未記入,,大阪市 中央区,https://jp.indeed.com/viewjob?jk=4417cd4aef16423b
サーバーエンジニア,月給 25万円,,大阪市,https://jp.indeed.com/viewjob?jk=1eaaa4677a8b76b7
開発エンジニア/アウトソーシング業界のシステムエンジニア(パッケージソフト・ミドルウェア),月給 27万円,,大阪市,https://jp.indeed.com/viewjob?jk=3573dc3894aa24ed
開発エンジニア/ゲーム関連業界のプログラマー(WEB・オープン・モバイル系),月給 22万 ~ 50万円,"
株式会社アドグローブ",大阪市,https://jp.indeed.com/viewjob?jk=572d657702694ef7
国内外の製造拠点における生産革新活動を支援するITソリューション開発,未記入,,門真市 門真市駅,https://jp.indeed.com/viewjob?jk=b4818495ccf273bc
ITエンジニア,年収 350万 ~ 499万円,"
株式会社Def tribe",大阪市,https://jp.indeed.com/viewjob?jk=465d84a17e4912fa
ITエンジニア(SE・PG)/ソフトウェア・情報処理業界のシステムエンジニア(アプリ設計/WEB・オープン・モバイル系),月給 20万 ~ 50万円,"
株式会社ウァウ",大阪市,https://jp.indeed.com/viewjob?jk=30a9202184d02807
システム開発(Web・オープン・モバイル系)/正社員,月給 25万 ~ 35万円,"
株式会社アスケイド",大阪市,https://jp.indeed.com/viewjob?jk=9c82714872536454
AWS,月給 20万 ~ 43万円,"
スキルシステムズ　株式会社",大阪市 東中島,https://jp.indeed.com/viewjob?jk=c93cde0cffcbfc20
ITエンジニア,月給 25万 ~ 45万円,"
エクトミシステム株式会社",大阪市 本町,https://jp.indeed.com/viewjob?jk=290148441fd03e54
締切間近/システム開発(Web・オープン・モバイル系)/正社員,月給 20万 ~ 35万円,"
株式会社リーディング・エッジ社",大阪市,https://jp.indeed.com/viewjob?jk=43630ac7466093a3
自社開発サービスのプロジェクトマネージャー,月給 45万 ~ 60万円,"
株式会社スマートバリュー",大阪市 靱本町,https://jp.indeed.com/viewjob?jk=98ce0a04a256a35e
IoTサービスソフト・PF開発エンジニア/ソフトウェアアーキテクト,未記入,,高槻市,https://jp.indeed.com/viewjob?jk=ccaefa0fb9af5001
クラウド基盤エンジニア(Neco Project),未記入,"
サイボウズ株式会社",大阪市 角田町,https://jp.indeed.com/viewjob?jk=2226ecf26bbfddbf
サーバサイドエンジニア,未記入,"
株式会社インディゴゲームスタジオ",大阪市 堂島,https://jp.indeed.com/viewjob?jk=f6d6686f57b96f89
Webフロントエンジニア,"時給 1,000 ~ 1,300円","
株式会社　HEAVEN　Japan",河内長野市 木戸,https://jp.indeed.com/viewjob?jk=3e490a555d8fc09e
SE・システムエンジニア,月給 25万 ~ 60万円,"
アドバンテージ株式会社",大阪市 本町,https://jp.indeed.com/viewjob?jk=05ae493e144bc523
N高等学校 アルバイト プログラミングTA【心斎橋】,"時給 1,500円","
学校法人角川ドワンゴ学園",大阪市 心斎橋筋,https://jp.indeed.com/viewjob?jk=0dc12fd9f6b9f188
テクニカルアーティスト,未記入,"
株式会社ヘキサドライブ",大阪市 難波中,https://jp.indeed.com/viewjob?jk=ea11cc5b3970503c
機械学習を用いたセンサデータ・画像分析の開発/研究開発,未記入,,門真市 西三荘駅,https://jp.indeed.com/viewjob?jk=f9cb60afdf17cd12
【ゲーム開発】サーバーエンジニア,未記入,,大阪市 中央区,https://jp.indeed.com/viewjob?jk=939b77985c731d5d
Web系エンジニア(使用言語はPythonですが、他の言語の経験者多数活躍中!) / ソフトウェア/パッケージベンダ,年収 400万 ~ 750万円,"
シルバーエッグ・テクノロジー 株式会社",吹田市 江坂町,https://jp.indeed.com/viewjob?jk=d260520e2d48efee
ITエンジニア　システムエンジニア(Web・オープン系),月給 30万 ~ 60万円,"
グロースアンドコミュニケーションズ株式会社",大阪市,https://jp.indeed.com/viewjob?jk=483ead4b2f154300
WEBエンジニア,年収 350万 ~ 499万円,"
株式会社ナスピア",大阪市,https://jp.indeed.com/viewjob?jk=7387afcb11155def
梅田/Python/システム開発/大手通信会社G会社,未記入,,大阪市 北区,https://jp.indeed.com/viewjob?jk=780c7904dfcab373
プログラマー・システムエンジニア インターンシップ,未記入,"
株式会社プロフィールド",大阪市,https://jp.indeed.com/viewjob?jk=9879d1f39b388f75
CASE関連システムのソフトウェア開発,月給 21.5万 ~ 23.6万円,,大阪市 土佐堀,https://jp.indeed.com/viewjob?jk=839fc47610e7d6bf
システムエンジニア,月給 28万 ~ 42万円,"
株式会社GREETING　WORKS",大阪市 西区,https://jp.indeed.com/viewjob?jk=a298324957cafd6b
テクニカルディレクター/システムエンジニア/プログラマ,年収 350万 ~ 600万円,"
Vogaro株式会社",大阪市 福島区,https://jp.indeed.com/viewjob?jk=ef6f0ec9452baf56
システムエンジニア,年収 350万円,"
ニュータッチイノベーション株式会社",大阪市 中央区,https://jp.indeed.com/viewjob?jk=99c4fe1c44a1354f
Webエンジニア/微・未経験/大阪 / インターネット/Webサービス・ASP,年収 300万 ~ 600万円,"
株式会社 BTM(旧名:株式会社 ビジネストータルマネージメント)",大阪市 豊崎,https://jp.indeed.com/viewjob?jk=243dcc3ab8fe2b31
本町/営業支援システムの開発/Python,未記入,,大阪市 中央区,https://jp.indeed.com/viewjob?jk=d7a5892517bac73f
SE,"年収 500万 ~ 1,199万円","
株式会社ソフトギア",大阪市 本町,https://jp.indeed.com/viewjob?jk=1f7ad0cd949defcd
ITコンサルタント,"年収 1,000万 ~ 1,499万円","
Luce",大阪市 梅田駅,https://jp.indeed.com/viewjob?jk=6872e1bb1eaca91d
梅田/Python/大手通信会社向けシステム開発,未記入,,大阪市 北区,https://jp.indeed.com/viewjob?jk=8e3c14e912dec73c
ITエンジニア/ソフトウェア・情報処理業界のプログラマー(WEB・オープン・モバイル系),月給 20万 ~ 60万円,"
株式会社インビリティー",大阪市,https://jp.indeed.com/viewjob?jk=2da46e2c6f9d7d93
システムエンジニア,年収 420万円,"
フューチャーインスペース株式会社",大阪市 中央区,https://jp.indeed.com/viewjob?jk=ec7e6ee64e583fe5
【インターンシップ】 長期,月給 20万 ~ 40万円,"
ウェブリオ株式会社",大阪市 西中島,https://jp.indeed.com/viewjob?jk=40c5f2ce467da149
プログラマー(新卒),月給 19.0万 ~ 20.2万円,,大阪市,https://jp.indeed.com/viewjob?jk=4cc95027a1d4b790
ITエンジニア,年収 400万円,"
株式会社リーディング・エッジ社",藤井寺市,https://jp.indeed.com/viewjob?jk=13ae711ec4b78ba9
Python/WEBシステム・ネットワークの脆弱性診断,未記入,,門真市,https://jp.indeed.com/viewjob?jk=53613caf7daf6cc4
システムコンサルタント/ソフトウェア・情報処理業界のシステムコンサルタント(業務系),月給 22.1万 ~ 29.9万円,,大阪市,https://jp.indeed.com/viewjob?jk=32b5bfadb29d033f
pythonにおけるコーディング業務,"時給 2,200 ~ 3,000円",,大阪市,https://jp.indeed.com/viewjob?jk=fbb6cff473ddaa5b
3Dモデラー/ゲーム・エンタメ,年収 300万 ~ 600万円,"
株式会社 アルヴィオン",吹田市 江坂町,https://jp.indeed.com/viewjob?jk=b5e26e5ec2267be4
PG・SE/ソフトウェア・情報処理業界のプログラマー(WEB・オープン・モバイル系),月給 24万 ~ 45万円,"
株式会社ディー・オー・エス",大阪市,https://jp.indeed.com/viewjob?jk=5612dca653d27daa
システムエンジニア,年収 400万円,"
株式会社オロ",大阪市 中央区,https://jp.indeed.com/viewjob?jk=e88fdeeaca4b63ae
ゲーム開発エンジニア,月給 25万 ~ 40万円,"
株式会社トリサン",大阪市 東天満,https://jp.indeed.com/viewjob?jk=c18239d859332b11
締切間近/回路・システム設計/正社員,月給 16万 ~ 40万円,"
アレックスLSI株式会社",大阪市,https://jp.indeed.com/viewjob?jk=275bedfc6543bab3
テストエンジニア、プログラマー補助、プログラマー、システムエンジニア、ITコンサルティング,月給 19.2万 ~ 22.5万円,"
株式会社アジャイルジェイピー",大阪市 天満橋駅,https://jp.indeed.com/viewjob?jk=f0944e1288cccb8c
Webエンジニア,月給 20万 ~ 40万円,"
株式会社エンプレイ",大阪市 南本町,https://jp.indeed.com/viewjob?jk=90a8f39bdfdfd40d
開発エンジニア/ソフトウェア・情報処理業界のシステムエンジニア(アプリ設計/WEB・オープン・モバイル系),月給 25万円,"
株式会社シー・アイ・エス",大阪市,https://jp.indeed.com/viewjob?jk=f836b4e154472ea5
IoTエンジニア,月給 20万 ~ 72万円,"
株式会社　UKnet　大阪営業所",大阪市 島町,https://jp.indeed.com/viewjob?jk=9d3e6e562c7aee64
締切間近/制御設計/正社員,月給 26万円,,大阪市,https://jp.indeed.com/viewjob?jk=1677b802fafdcdce
システム開発(オープン・WEB・モバイル),月給 21万 ~ 55万円,"
大化物流開発合同会社",大阪市 久太郎町,https://jp.indeed.com/viewjob?jk=260f9ab37f4e7d9d
アプリケーション開発エンジニア(WEB・オープン系),年収 300万 ~ 650万円,"
株式会社シーディア",大阪市 新大阪駅,https://jp.indeed.com/viewjob?jk=c9f43fbe5794d668
SE/PG/ソフトウェア・情報処理業界のシステムエンジニア(アプリ設計/WEB・オープン・モバイル系),月給 22万円,"
株式会社ティーエーシー",豊中市,https://jp.indeed.com/viewjob?jk=8d6dd7cca50bb8ec
〔特任講師〕大阪大学高等教育・入試研究開発センター,未記入,,吹田市 山田丘,https://jp.indeed.com/viewjob?jk=fd0dbb0766b28d09
その他、技術系,年収 500万 ~ 799万円,,高槻市,https://jp.indeed.com/viewjob?jk=70551f12c477d9dd
ネットワーク運用/保守,月給 25万 ~ 45万円,"
エクトミシステム株式会社",大阪市 本町駅,https://jp.indeed.com/viewjob?jk=75883784c997ecea
"《大阪》アナリティクスエンジニア(BI,IoT,AIなど)",年収 500万 ~ 800万円,,大阪市 大阪駅,https://jp.indeed.com/viewjob?jk=943c36d40f15f31a
ITエンジニア/ソフトウェア・情報処理業界のプログラマー(WEB・オープン・モバイル系),月給 22万 ~ 55万円,"
株式会社大阪国際ITスタジオ",大阪市,https://jp.indeed.com/viewjob?jk=f931bab7e92a200f
システムエンジニア,年収 420万円,,大阪市 中央区,https://jp.indeed.com/viewjob?jk=94eef213872794d8
ITエンジニア/インターネット関連業界のシステムエンジニア(アプリ設計/WEB・オープン・モバイル系),月給 28万円,"
日本ウェブサービス株式会社",大阪市,https://jp.indeed.com/viewjob?jk=5368ff60067ebd9c
N高等学校 大学生 プログラミングTA【江坂】,"時給 1,500円","
学校法人角川ドワンゴ学園",吹田市 江坂駅,https://jp.indeed.com/viewjob?jk=d6a981ce65148229
ゲームプログラマ,月給 18.4万 ~ 40.0万円,"
株式会社トリサン",大阪市 北区,https://jp.indeed.com/viewjob?jk=9033f52e5af75222
製品開発・研究,年収 400万 ~ 799万円,,池田市,https://jp.indeed.com/viewjob?jk=0febe1f95968175c
Web開発エンジニア/ソフトウェア・情報処理業界のシステムエンジニア(アプリ設計/WEB・オープン・モバイル系),月給 17.5万 ~ 26.0万円,"
株式会社GSI",大阪市,https://jp.indeed.com/viewjob?jk=4a2d3a4f1139845d
システムエンジニア,年収 500万円,"
株式会社リーディング・エッジ社",大阪市 中央区,https://jp.indeed.com/viewjob?jk=6a21db74a0fe6124
システムエンジニア,月給 25万 ~ 40万円,"
パナソニックシステムデザイン株式会社",門真市,https://jp.indeed.com/viewjob?jk=749ec034cd77e229
ITエンジニア/ソフトウェア・情報処理業界のプログラマー(WEB・オープン・モバイル系),月給 20.6万円,"
システック株式会社",吹田市,https://jp.indeed.com/viewjob?jk=0dd1d720271109ad
システムエンジニア,年収 500万円,"
FPTジャパンホールディングス株式会社",大阪市 北区,https://jp.indeed.com/viewjob?jk=50e30e821b913e8e
京橋/大手通信会社向けシステム開発/Python,未記入,,大阪市,https://jp.indeed.com/viewjob?jk=c9d3d0e25a941607
システムエンジニア,年収 400万円,"
株式会社ネオ",大阪市 中央区,https://jp.indeed.com/viewjob?jk=35e0ed14949a1c0e
ITエンジニア/ソフトウェア・情報処理業界のプログラマー(WEB・オープン・モバイル系),月給 18万 ~ 50万円,"
株式会社グッドネス",大阪市,https://jp.indeed.com/viewjob?jk=01a3f03592476467
締切間近/システム開発(Web・オープン・モバイル系)/正社員,月給 23万 ~ 50万円,"
株式会社トレセン",大阪市,https://jp.indeed.com/viewjob?jk=990ee3706058ce1d
Webデザイナー,月給 20万 ~ 37万円,"
株式会社福屋ホールディングス",大阪市 北区,https://jp.indeed.com/viewjob?jk=c625d38a4c91fed7
アーキテクト,月給 33.3万 ~ 58.3万円,,泉佐野市,https://jp.indeed.com/viewjob?jk=0bac4aeaea6550a6
【高度技術人材コース(嘱託契約)】Deep Learning組み込み技術,未記入,,門真市,https://jp.indeed.com/viewjob?jk=8ac4f4faa837d732
プログラマー,月給 20万 ~ 22万円,"
株式会社　CLEZY",大阪市 北河堀町,https://jp.indeed.com/viewjob?jk=ecc3764766506d56
医療システム開発/本町/Python,未記入,,大阪市 中央区,https://jp.indeed.com/viewjob?jk=39185a0a7a915802
2021 新卒採用 情報処理,未記入,,大阪府,https://jp.indeed.com/viewjob?jk=20a3c00c72a1dbd2
システムエンジニア,月給 25.7万 ~ 27.6万円,"
日本電通株式会社",大阪市 港区,https://jp.indeed.com/viewjob?jk=face93a7c8911498
制御系システム設計,月給 25万 ~ 32万円,"
株式会社　ダイキエンジニアリング　大阪営業所",大阪市 西中島,https://jp.indeed.com/viewjob?jk=c586eb7f15c6e5ba
初級エンジニア/ソフトウェア・情報処理業界のプログラマー(WEB・オープン・モバイル系),月給 21万円,"
株式会社ディ・アイ・システム",大阪市,https://jp.indeed.com/viewjob?jk=599ca102dbb1cd65
システムエンジニア,月給 23万円,"
エムオーテックス株式会社",大阪市 淀川区,https://jp.indeed.com/viewjob?jk=d63fb7f4ecc5ec90
システムエンジニア,年収 300万円,"
株式会社ディ・アイ・システム",大阪市 北区,https://jp.indeed.com/viewjob?jk=36fbc0d408071c07
2021 新卒採用 ソフトウエア 、 情報処理、通信・インフラ、インターネット関連、専門コンサルティング,月給 18万円,"
株式会社ジージックス",大阪市 道修町,https://jp.indeed.com/viewjob?jk=669c57aef4f18d19
ITエンジニア/インターネット関連業界のシステムエンジニア(アプリ設計/WEB・オープン・モバイル系),月給 19万 ~ 58万円,"
株式会社ティーネットジャパン",大阪市,https://jp.indeed.com/viewjob?jk=a6329d167d8d0e6a
ITエンジニア/ゲーム関連業界のシステムエンジニア(アプリ設計/WEB・オープン・モバイル系),月給 25万 ~ 50万円,"
株式会社アドグローブ",大阪市,https://jp.indeed.com/viewjob?jk=0dddf9d260d58403
SE・PG(オープン系)/4月~江坂駅徒歩5分高単価PHPWEBシステム開発,月給 40万 ~ 45万円,"
株式会社KIS",吹田市 江坂駅,https://jp.indeed.com/viewjob?jk=61524d809b3fb465
システムエンジニア,月給 28万 ~ 50万円,"
シルバーエッグ・テクノロジー株式会社",吹田市,https://jp.indeed.com/viewjob?jk=a79367f40c7485b6
教材開発エンジニア/インターネット/Webサービス・ASP,年収 350万 ~ 600万円,"
夢見る 株式会社",堺市 中百舌鳥駅,https://jp.indeed.com/viewjob?jk=dc2ea854fb0aef7c
研究員、リサーチアソシエイト、またはテクニカルスタッフ,未記入,,吹田市 古江台,https://jp.indeed.com/viewjob?jk=0a637882811db8e8
インフラエンジニア,月給 25万 ~ 45万円,"
エクトミシステム株式会社",大阪市 本町駅,https://jp.indeed.com/viewjob?jk=23e4f01d12158995
《関西》アナリティクス・コンサルタント,"年収 500万 ~ 1,500万円",,大阪市 中之島,https://jp.indeed.com/viewjob?jk=36076c44ad1eb227
機械・機構設計・金型設計/正社員,月給 20万 ~ 50万円,"
株式会社マクシス エンジニアリング",大阪市,https://jp.indeed.com/viewjob?jk=51e79df6b9e6bc65
PG・SE,年収 200万 ~ 799万円,"
株式会社リーディング・エッジ社",島本町,https://jp.indeed.com/viewjob?jk=dce6fc87e3228d92
N高等学校 アルバイト プログラミングTA【江坂】,"時給 1,500円","
学校法人角川ドワンゴ学園",吹田市 江坂駅,https://jp.indeed.com/viewjob?jk=6d4f6cf28a193ff2
ITエンジニア/ソフトウェア・情報処理業界のシステムエンジニア(アプリ設計/WEB・オープン・モバイル系),月給 30万円,"
アックステクノロジー株式会社",大阪市,https://jp.indeed.com/viewjob?jk=0ea0b1a3c4ba95d3
システム開発(Web・オープン・モバイル系)/正社員,月給 26万円,"
株式会社エイミー",大阪市,https://jp.indeed.com/viewjob?jk=a24e7d93b7ae776f
プログラミングが分かればOK!実務未経験でも充実の研修でプログラマデビュー!【上場企業で福利厚生も充実/年休124日/土日休】,月給 20万 ~ 50万円,,茨木市,https://jp.indeed.com/viewjob?jk=22ea4cd965de1260
システムコンサルタント/ソフトウェア・情報処理業界のシステムコンサルタント(ネットワーク・通信),月給 22.1万 ~ 29.9万円,,大阪市,https://jp.indeed.com/viewjob?jk=ef769ef4cf825ac3
自社製品のSE/PM/PMO,年収 450万 ~ 699万円,,大阪市,https://jp.indeed.com/viewjob?jk=3c69aeae2bd91b72
Webサービス系エンジニア,月給 25万 ~ 50万円,"
株式会社アジェンシア",大阪市 北区,https://jp.indeed.com/viewjob?jk=a7a3a7387493f247
ITエンジニア/ソフトウェア・情報処理業界のシステムエンジニア(アプリ設計/WEB・オープン・モバイル系),月給 33万円,"
株式会社PPFパートナーズ",大阪市,https://jp.indeed.com/viewjob?jk=7e3726af86c903d1
ネットワーク・IoT,年収 300万円,"
株式会社HTC",大阪市 西区,https://jp.indeed.com/viewjob?jk=094d8389c95d1b95
システムエンジニア,年収 400万円,"
株式会社日本ビジネス開発",大阪市 都島区,https://jp.indeed.com/viewjob?jk=1559e9e0294b9651
子ども向けプログラミング教室の講師,"時給 1,300円","
インターネット個別指導IE-GAIA　阪大前GAIAセンター",池田市 石橋阪大前駅,https://jp.indeed.com/viewjob?jk=b8113809200769dd
Webエンジニア/ソフトウェア・情報処理業界のシステムエンジニア(アプリ設計/WEB・オープン・モバイル系),月給 45万円,"
株式会社ダイアログ",吹田市,https://jp.indeed.com/viewjob?jk=4fbd973ae097cbc0
データアナリスト,年収 450万 ~ 700万円,,大阪市 中央区,https://jp.indeed.com/viewjob?jk=1c1d3e747aa2fe92
ITエンジニア/ITコンサル/インフラSE/ソフトウェア・情報処理業界のシステムエンジニア(アプリ設計/WEB・オープン・モバイル系),月給 30万 ~ 66万円,"
パクテラ・テクノロジー・ジャパン株式会社",大阪市,https://jp.indeed.com/viewjob?jk=d16b5ab31ef91ab8
システムエンジニア,月給 24.3万円,"
株式会社シー・エス・イー",大阪市 西区,https://jp.indeed.com/viewjob?jk=952162cc2e3b0bf6
システムエンジニア,年収 300万円,"
テトラコマンド株式会社",大阪市 北区,https://jp.indeed.com/viewjob?jk=2685573a45ad6ad2
データ科学を活用したマテリアルズインフォマティックスによる電子部品向け新規材料設計,未記入,,門真市 西三荘駅,https://jp.indeed.com/viewjob?jk=3d099d49a5d58b1a
プログラマー,月給 22.5万 ~ 27.5万円,"
大和システム　株式会社",大阪市 福島区福島,https://jp.indeed.com/viewjob?jk=08b21a22755859d1
《関西》AI/データエンジニアリング技術導入・開発エンジニア,年収 450万 ~ 750万円,,大阪市 西中島,https://jp.indeed.com/viewjob?jk=ff4a01214ab474e5
SE・PG/ソフトウェア・情報処理業界のプログラマー(WEB・オープン・モバイル系),月給 21.5万 ~ 22.8万円,"
株式会社中央情報システムズ",大阪市,https://jp.indeed.com/viewjob?jk=cd9cbb5f1ab5ef97
Webプログラマー(CMS),年収 400万 ~ 649万円,"
株式会社アビリブ",大阪市,https://jp.indeed.com/viewjob?jk=c6a5148e2e64346e
《関西》データサイエンティスト,"年収 500万 ~ 1,500万円",,大阪市 中之島,https://jp.indeed.com/viewjob?jk=16986cceb1f20a65
システムエンジニア,年収 312万円,"
株式会社FUSIONIA",大阪市 中央区,https://jp.indeed.com/viewjob?jk=0a6075c1cb5523ad
2021 新卒採用 コンピュータ・通信機器・OA機器,未記入,,大阪府,https://jp.indeed.com/viewjob?jk=97b7ff87a721ca81
ゲーム開発データアナリスト,未記入,,大阪市,https://jp.indeed.com/viewjob?jk=df31f4625ba73c74
プリセールス,月給 19.0万 ~ 38.1万円,"
株式会社セーフマスター",大阪市 淀川区,https://jp.indeed.com/viewjob?jk=f572b6cb4ef9c674
【メンバー募集】Webプログラマー / インターネット/Webサービス・ASP,年収 320万 ~ 610万円,"
株式会社 コンビーズ",大阪市 堂島,https://jp.indeed.com/viewjob?jk=de42d3e8dcfa9370
初級ITエンジニア/インターネット関連業界のネットワーク設計・構築(LAN・WAN・インターネット),月給 18.6万 ~ 22.4万円,"
トーテックアメニティ株式会社",大阪市,https://jp.indeed.com/viewjob?jk=ac75ad4d821ef776
その他、技術系,年収 400万 ~ 749万円,"
大学前リクルートセンター JOB,STa(DaiLand株式会社)",大阪市 西区,https://jp.indeed.com/viewjob?jk=e37ac8fa29838844
2021 新卒採用 プログラマー・システムエンジニア,月給 15万 ~ 18万円,"
株式会社プロフィールド",大阪市,https://jp.indeed.com/viewjob?jk=1da5c951e651a0fa
Java開発エンジニア,月給 25万 ~ 45万円,"
エクトミシステム株式会社",大阪市 本町駅,https://jp.indeed.com/viewjob?jk=37a2e66909f8e2f9
データアナリスト,年収 400万 ~ 600万円,"
株式会社クラス",大阪市 淀川区,https://jp.indeed.com/viewjob?jk=45ae6a845d08311e
4500社以上導入実績!グループ会社ならではの福利厚生!100%自社開発システムのSE,月給 30万円,"
エフアンドエムネット株式会社",吹田市 江坂町,https://jp.indeed.com/viewjob?jk=1a2afe6304fcf2f3
2021 新卒採用 ソフトウエア 、 情報処理、受託開発,月給 18.6万 ~ 21.6万円,"
ビートテック株式会社",大阪府,https://jp.indeed.com/viewjob?jk=bc8fb45cd6642bc6
大阪駅|WEBサイト構築に伴うシステム開発(PG)梅田勤務 経験者募集 賞与年2回 年間休日124日|プログラマ(オープン WEB系),月給 25万円,"
株式会社アビリブ 関西支店",大阪市,https://jp.indeed.com/viewjob?jk=04db18b3e22d4da5
N高等学校 大学生 プログラミングTA【心斎橋】,"時給 1,500円","
学校法人角川ドワンゴ学園",大阪市 心斎橋筋,https://jp.indeed.com/viewjob?jk=3610d0390458cb64
Ubisoft Osaka株式会社 【ゲームその他】,年収 280万 ~ 560万円,"
Ubisoft Osaka株式会社",大阪市 大阪駅,https://jp.indeed.com/viewjob?jk=26513bffada3e3e8
システムエンジニア,月給 30.3万 ~ 37.5万円,"
株式会社サーバーワークス",大阪市 北区,https://jp.indeed.com/viewjob?jk=edc31f75ec03eecc
派遣/総合電機メーカーでのビッグデータ 維持改善 分析加工 Python,"時給 2,100円","
株式会社スタッフサービス　エンジニアガイド",門真市 西三荘駅,https://jp.indeed.com/viewjob?jk=19119869c3108830
2021 新卒採用 情報処理,未記入,"
コムチュア株式会社",大阪府,https://jp.indeed.com/viewjob?jk=13194cd9dc4b8074
2021 新卒採用 ソフトウエア 、 情報処理、専門コンサルティング,月給 22万円,"
株式会社ヤシマ",大阪府,https://jp.indeed.com/viewjob?jk=5286ac8114a4dab7
AIデータ解析及びコーディング業務,"時給 2,000 ~ 2,200円",,大阪市,https://jp.indeed.com/viewjob?jk=31f96a75c0a875ba
2021 新卒採用 建築設計,未記入,"
スペースラボ株式会社",大阪府,https://jp.indeed.com/viewjob?jk=1553b638f7c34629
モーションデザイナー,年収 250万 ~ 300万円,"
Ubisoft Osaka株式会社",大阪市 大阪駅,https://jp.indeed.com/viewjob?jk=e5e0224a618b5ad1
空調機のIoT化・クラウド接続を実現する制御SW・モバイルアプリ設計,年収 500万 ~ 900万円,,吹田市 江坂駅,https://jp.indeed.com/viewjob?jk=9160d5d31d3e6dc8
パソコンスクール講師梅田校,月給 19万 ~ 31万円,"
ピーシーアシスト　株式会社",大阪市 角田町,https://jp.indeed.com/viewjob?jk=8fcea4a94ed76b7a
システム開発・運用,月給 25万円,"
リコー電子デバイス株式会社",池田市,https://jp.indeed.com/viewjob?jk=0c26b233efed546b
2021 新卒採用 ソフトウェア,未記入,"
株式会社キャリアシステムズ",大阪府,https://jp.indeed.com/viewjob?jk=06592f70607a721c
インフラエンジニア// PD Engineer,未記入,,大阪市,https://jp.indeed.com/viewjob?jk=7cfbbe98a24cfaf9
堺筋本町駅|先端技術開発:AI(人工知能 機械学習) IoT CPS大手メーカーと直接取引|プロジェクトマネージャ(オープン WEB系),月給 25万 ~ 50万円,"
株式会社アプリズム 本社",大阪市 堺筋本町駅,https://jp.indeed.com/viewjob?jk=0f22b7bf0ba5eb63
[派]【月給37万~+交通費】動画配信サービスの構築・開発、運用,"時給 2,500円","
株式会社ミッションアシスト",大阪市 北区,https://jp.indeed.com/viewjob?jk=867c2da5a58afee8
Webエンジニア / システムインテグレータ・ソフトハウス,年収 360万 ~ 600万円,"
株式会社 ワサビ",大阪市 梅田駅,https://jp.indeed.com/viewjob?jk=286224dc7554cbf2
リスクコンサルタント,月給 25万円,"
EY新日本有限責任監査法人",大阪市 北区,https://jp.indeed.com/viewjob?jk=31cc2b7869bfc951
Webアプリケーションエンジニア(大阪採用)/インターネット/Webサービス・ASP,"年収 360万 ~ 1,000万円","
freee 株式会社",大阪市 大深町,https://jp.indeed.com/viewjob?jk=67d0e9bfd201ac0a
AIエンジニア(⼤阪) / インターネット/Webサービス・ASP,年収 400万 ~ 700万円,"
株式会社 スマレジ",大阪市 本町,https://jp.indeed.com/viewjob?jk=8ec1e7f7c69a039a
ソフトウェア開発/通信関連業界のシステムエンジニア(通信制御ソフト開発/制御系),月給 25万 ~ 40万円,"
株式会社芙蓉ビデオエイジェンシー",枚方市,https://jp.indeed.com/viewjob?jk=6db1c3575a37b551
ITエンジニア　プログラマ(Web・オープン系),月給 25万 ~ 100万円,"
株式会社Branding Engineer",大阪市,https://jp.indeed.com/viewjob?jk=1ec2460474418ea0
ネットワーク設計/構築,月給 25万 ~ 45万円,"
エクトミシステム株式会社",大阪市 本町駅,https://jp.indeed.com/viewjob?jk=10d7174120cef4ea
2021 新卒採用 ソフトウエア 、 インターネット関連,月給 18.5万 ~ 29.0万円,"
スカラグループ",大阪市 梅田駅,https://jp.indeed.com/viewjob?jk=d9a9a627645c0d74
PG 大阪事業所 / システムインテグレータ・ソフトハウス,年収 380万 ~ 440万円,"
株式会社 h2ワークス",大阪市 成育,https://jp.indeed.com/viewjob?jk=05836b471da4fbe5
2021 新卒採用 ソフトウエア 、 情報処理,月給 18.5万 ~ 22.6万円,"
株式会社ウィズテクノロジー",大阪市 久太郎町,https://jp.indeed.com/viewjob?jk=3d977d6349c46ca9
システムテストのツール開発@京橋,未記入,,大阪市 中央区,https://jp.indeed.com/viewjob?jk=16866ef92ead34d6
システムエンジニア/インターネット/Webサービス・ASP,年収 400万 ~ 600万円,"
マインドフリー 株式会社",大阪市 今橋,https://jp.indeed.com/viewjob?jk=d3ce5d6a969ae98a
エンジニア / インターネット/Webサービス・ASP,年収 300万 ~ 500万円,"
ZENoffice 株式会社",大阪市 備後町,https://jp.indeed.com/viewjob?jk=21940e8ddbb82912
【開発エンジニア】PG・SEとしてスキルアップするならこのお仕事 <年休1,未記入,"
ワークタンク",枚方市 出口,https://jp.indeed.com/viewjob?jk=3d1d339d35881476
インフラエンジニア,年収 300万 ~ 649万円,"
株式会社アイティーシー",箕面市,https://jp.indeed.com/viewjob?jk=2d8d8ebf0fea2166
データエンジニア,未記入,,大阪市 中央区,https://jp.indeed.com/viewjob?jk=b3cdd602a0255271
システムエンジニア,月給 19.3万 ~ 50.0万円,"
株式会社ディビオン",大阪市 淀川区,https://jp.indeed.com/viewjob?jk=6d2d876ca9f012f3
環境アセスメント・街づくり計画コンサル/大阪府,年収 410万 ~ 680万円,"
株式会社グレイス",大阪市 北区,https://jp.indeed.com/viewjob?jk=4fd4267344406a23
コンピューターシステム開発,月給 20万 ~ 40万円,"
アトラスシステム　株式会社",大阪市 中央区安土町,https://jp.indeed.com/viewjob?jk=a98bc91159e5584e
PHPエンジニア,月給 27.7万 ~ 50.0万円,"
クックビズ株式会社",大阪市 芝田,https://jp.indeed.com/viewjob?jk=7b44009e2ce3f53e
高い技術で展開中の開発企業/キャラクターモデリング【大阪】,年収 400万 ~ 600万円,"
マイナビクリエイター",大阪市 浪速区,https://jp.indeed.com/viewjob?jk=be293fbea01d9407
2021 新卒採用 インターネット関連,未記入,"
ARアドバンストテクノロジ株式会社",大阪府,https://jp.indeed.com/viewjob?jk=b3b6f7f1eeb69adb
新大阪/急募 画像解析システムの開発/オブジェクト指向,未記入,,大阪市 淀川区,https://jp.indeed.com/viewjob?jk=1f72057643572d3a
AIエンジニア / ソフトウェア/パッケージベンダ,未記入,"
エフアンドエムネット 株式会社",吹田市 江坂町,https://jp.indeed.com/viewjob?jk=0c5fb7c8fe639f41
ゲームプログラマー(コンシューマー),年収 300万 ~ 899万円,,大阪市,https://jp.indeed.com/viewjob?jk=68cc437c523ffdf7
サーバ・ネットワークエンジニア,年収 400万 ~ 799万円,"
リコー電子デバイス株式会社",池田市 姫室町,https://jp.indeed.com/viewjob?jk=0eab93e60821229d
Rubyエンジニア / インターネット/Webサービス・ASP,年収 400万 ~ 800万円,"
株式会社 インゲージ",大阪市 西天満,https://jp.indeed.com/viewjob?jk=adadc5ea0a1d9745
パソコンスクール講師天王寺校,月給 19万 ~ 31万円,"
ピーシーアシスト　株式会社",大阪市 阿倍野筋,https://jp.indeed.com/viewjob?jk=125e077701ca0801
SE・PG/ソフトウェア・情報処理業界のプログラマー(WEB・オープン・モバイル系),月給 23万 ~ 30万円,"
株式会社ジョイプロジェクト",大阪市,https://jp.indeed.com/viewjob?jk=857fa24bbbadb653
データサイエンティスト,"年収 1,300万円","
リージョナルキャリア",大阪市,https://jp.indeed.com/viewjob?jk=c2fc0714ce5ea26d
Webマーケティング / インターネット/Webサービス・ASP,年収 300万 ~ 450万円,"
株式会社 トライシード",大阪市 東天満,https://jp.indeed.com/viewjob?jk=c29a24b9aa26d5ab
ITエンジニア/ソフトウェア・情報処理業界のプログラマー(WEB・オープン・モバイル系),月給 20万 ~ 60万円,"
株式会社セルア",大阪市,https://jp.indeed.com/viewjob?jk=69864db9796ad9b8
2021 新卒採用 ソフトウエア 、 情報処理,月給 19.6万 ~ 22.6万円,"
ディアシステム株式会社",大阪府,https://jp.indeed.com/viewjob?jk=c2c7ed962d1780e9
ITエンジニア/ソフトウェア・情報処理業界のプログラマー(WEB・オープン・モバイル系),月給 35万 ~ 40万円,"
AJ・Flat株式会社",大阪市,https://jp.indeed.com/viewjob?jk=f4dad7a51b1a8d3c
プロダクトデベロップメントチームマネージャー,"年収 700万 ~ 1,000万円","
株式会社クラス",吹田市,https://jp.indeed.com/viewjob?jk=7cc5b404d5b80392
本町駅|先端技術開発:AI(人工知能 機械学習) IoT CPS大手メーカーと直接取引|プログラマ(オープン WEB系),月給 25万 ~ 50万円,"
株式会社アプリズム 本社",大阪市 本町駅,https://jp.indeed.com/viewjob?jk=4d883bf6d69f1a7a
サーバーレス開発エンジニア(大阪) / システムインテグレータ・ソフトハウス,年収 510万 ~ 750万円,"
株式会社 サーバーワークス",大阪市 芝田,https://jp.indeed.com/viewjob?jk=2c839206a86de642
【大阪】JAVA Pythonシステム開発(SE・PG),月給 25万 ~ 35万円,"
株式会社アクターリアリティー",大阪市 東野田町,https://jp.indeed.com/viewjob?jk=6adb573d91dba341
アナリスト(データストラテジスト) / インターネット/Webサービス・ASP,年収 350万円,"
株式会社 エクスペリエンス",大阪市 南船場,https://jp.indeed.com/viewjob?jk=f151bf2d07e0f199
プロジェクトマネージャー,年収 450万 ~ 649万円,"
株式会社NTTデータニューソン",大阪市 四ツ橋駅,https://jp.indeed.com/viewjob?jk=71cce055873703e0
システムエンジニア / システムインテグレータ・ソフトハウス,年収 300万 ~ 500万円,"
株式会社 ラジカルオプティ",大阪市 豊崎,https://jp.indeed.com/viewjob?jk=daa6f1d60a488a0c
プロジェクトマネージャー / システムインテグレータ・ソフトハウス,年収 450万 ~ 650万円,"
株式会社 ラジカルオプティ",大阪市 豊崎,https://jp.indeed.com/viewjob?jk=ffeac11b091b07c5
アプリケーション開発エンジニア,年収 400万 ~ 699万円,,高槻市,https://jp.indeed.com/viewjob?jk=c9d65148427908cf
エンジニア/ソフトウェア・情報処理業界のシステムエンジニア(アプリ設計/WEB・オープン・モバイル系),月給 25万円,"
ケントシステム株式会社",大阪市,https://jp.indeed.com/viewjob?jk=272a122c9ed372b7
朝ゆっくり10時出勤/広告運用ツール開発/PHP,未記入,,大阪市 西区,https://jp.indeed.com/viewjob?jk=9e66751b2847438d
データサイエンティスト　/　東証一部上場メーカー,"年収 1,000万 ~ 1,400万円","
クライス&カンパニー",大阪市 東淀川区,https://jp.indeed.com/viewjob?jk=1b046bb81a640fbe
コーポレートエンジニア/インターネット/Webサービス・ASP,年収 400万 ~ 550万円,"
株式会社 i-plug",大阪市 西中島,https://jp.indeed.com/viewjob?jk=498371f7fe56d2a5
【大阪勤務】Webエンジニア(Python利用),年収 450万 ~ 750万円,"
シルバーエッグ・テクノロジー株式会社",吹田市,https://jp.indeed.com/viewjob?jk=c65ce7e4512cab93
《大阪》 データエンジニア,年収 500万 ~ 800万円,,大阪市 内平野町,https://jp.indeed.com/viewjob?jk=f1a43d0e6bfd1077
画像処理,月給 25万円,"
倉敷紡績株式会社",寝屋川市,https://jp.indeed.com/viewjob?jk=83a79863c729f781
ネットワークエンジニア・サーバー設計,"時給 2,400円","
株式会社ミッションアシスト",大阪市 梅田駅,https://jp.indeed.com/viewjob?jk=73d56e12ecbc29e3
Webプロモーションやキャンペーンを担う大阪本社のプログラマ,年収 300万 ~ 550万円,"
Vogaro株式会社",大阪府,https://jp.indeed.com/viewjob?jk=bfc0633d1aacd64f
Webエンジニア(大阪勤務) / 広告・デザイン・イベント,年収 300万 ~ 500万円,"
トゥモローゲート 株式会社",大阪市 西心斎橋,https://jp.indeed.com/viewjob?jk=bb2a23af1b37d778
Webサービス系エンジニア,年収 278万円,"
ALH株式会社",大阪市 北区,https://jp.indeed.com/viewjob?jk=6c3869d57bea4b2d
"堺筋本町駅|大阪,社内SE,研修3ヶ月 ITエンジニア プログラマー(JAVA、.Net等)|プロジェクトマネージャ(その他のシステム ソフトウェア関連職)",月給 20万 ~ 50万円,"
株式会社アプリズム 本社",大阪市 堺筋本町駅,https://jp.indeed.com/viewjob?jk=34a7ca0ceede1e37
インタラクティブエンジニア / Webマーケティング・ネット広告,"年収 500万 ~ 1,000万円","
株式会社 バスキュール",大阪市 豊崎,https://jp.indeed.com/viewjob?jk=a59c9c2a0d179306
Webサービスエンジニア,年収 500万円,"
株式会社イデアルアーキテクツ",大阪市 西区,https://jp.indeed.com/viewjob?jk=2ac14592c219649a
【AIをやってみたい!】 AI開発エンジニア/インターネット/Webサービス・ASP,"年収 500万 ~ 1,200万円","
株式会社 GRI",大阪市 港区,https://jp.indeed.com/viewjob?jk=75770bbef8700d47
"長堀橋駅|大阪,社内SE,研修3ヶ月 ITエンジニア プログラマー(JAVA、.Net等)|プロジェクトマネージャ(オープン WEB系)",月給 20万 ~ 50万円,"
株式会社アプリズム 本社",大阪市 長堀橋駅,https://jp.indeed.com/viewjob?jk=c79eddb3770ec498
2021 新卒採用 インターネット関連,未記入,"
株式会社フォー・クオリア",大阪府,https://jp.indeed.com/viewjob?jk=1a9013c91213004c
パッケージ導入・システム導入,月給 19.0万 ~ 38.1万円,"
株式会社セーフマスター",大阪市 淀川区,https://jp.indeed.com/viewjob?jk=03ac416a0bc761df
PHP バックエンド開発エンジニア / インターネット/Webサービス・ASP,年収 400万 ~ 600万円,"
株式会社 i-plug",大阪市 西中島,https://jp.indeed.com/viewjob?jk=efaed859316f5678
Web・オープン系プログラマー(大阪) / システムインテグレータ・ソフトハウス,年収 300万 ~ 450万円,"
有限会社 クレスト",大阪市 北堀江,https://jp.indeed.com/viewjob?jk=854545baf1e9992f
システムエンジニア,月給 25万 ~ 30万円,,高槻市,https://jp.indeed.com/viewjob?jk=1874cca5462187d0
Webプログラマ,年収 400万 ~ 800万円,,大阪市 西中島南方駅,https://jp.indeed.com/viewjob?jk=f461be3d443215b7
システムエンジニア,月給 20万円,"
株式会社NTTデータMSE",大阪市 淀川区,https://jp.indeed.com/viewjob?jk=5d3af54c5552cd5c
Web・オープン系システムエンジニア(大阪) / システムインテグレータ・ソフトハウス,年収 400万 ~ 600万円,"
有限会社 クレスト",大阪市 北堀江,https://jp.indeed.com/viewjob?jk=4e177074c6dba43c
総合職(ITエンジニア/コンサルタント等)/ソフトウェア・情報処理業界のプログラマー(WEB・オープン・モバイル系),月給 30万 ~ 125万円,"
株式会社SHIFT",大阪市,https://jp.indeed.com/viewjob?jk=789e91f0b2609904
データサイエンティスト,未記入,"
株式会社ステムリム",茨木市 阪大病院前駅,https://jp.indeed.com/viewjob?jk=489657e6e118c3c6
プログラマ,"時給 2,500円",,吹田市 江坂駅,https://jp.indeed.com/viewjob?jk=25015918104b5ed8
【大阪】Web開発エンジニア(Googleクラウド開発環境※未経験者も可) / システムインテグレータ・ソフトハウス,年収 350万 ~ 700万円,"
株式会社 トップゲート",大阪市 堂島,https://jp.indeed.com/viewjob?jk=89600d25efa27c29
【第二新卒】エンジニア(プログラマ):【組み込みソフトウェア開発職】世界をリードするTDKでキャリアをスタートしませんか/未経験可,年収 350万 ~ 500万円,,大阪市,https://jp.indeed.com/viewjob?jk=2faac2a4885ae979
システムエンジニア,月給 27万 ~ 48万円,"
株式会社ノリック",大阪市 中央区,https://jp.indeed.com/viewjob?jk=489f831fe4d0aa3c
Webエンジニア/プログラマー / インターネット/Webサービス・ASP,年収 300万 ~ 500万円,"
株式会社 トライシード",大阪市 東天満,https://jp.indeed.com/viewjob?jk=abfe337df41915b1
総合職(営業・ITエンジニア・経理)/アウトソーシング業界の営業・企画営業(法人向け),月給 19万 ~ 45万円,"
株式会社南大阪電子計算センター",貝塚市,https://jp.indeed.com/viewjob?jk=34b24d5f888c0037
Webサービス系エンジニア,月給 25.5万 ~ 42.8万円,"
株式会社フィット",大東市,https://jp.indeed.com/viewjob?jk=809b1e349351eda4
派遣/通信会社での社内セキュリティアプリの開発 Python,"時給 2,500円","
株式会社スタッフサービス　エンジニアガイド",大阪市 堺筋本町駅,https://jp.indeed.com/viewjob?jk=f81d80f4cf2c3bf9
《大阪》CGディレクター,年収 300万 ~ 600万円,,堺市 堺区,https://jp.indeed.com/viewjob?jk=87df0e086e7389f2
派遣/大手通信メーカーでのデータ分析システム開発 京橋 Python,"時給 2,050円","
株式会社スタッフサービス　エンジニアガイド",大阪市 京橋駅,https://jp.indeed.com/viewjob?jk=50fc16772bdfb02e
《大阪》Webエンジニア　/自社プロダクト,年収 450万 ~ 750万円,,吹田市 江坂町,https://jp.indeed.com/viewjob?jk=9b4f6411280cc6cf
データベースエンジニア,月給 22万 ~ 40万円,,大阪市 淡路町,https://jp.indeed.com/viewjob?jk=fb86a1d07dd67424
【大阪採用/面接1回】Webアプリケーションエンジニア,年収 400万 ~ 800万円,"
株式会社インゲージ",大阪市 北区,https://jp.indeed.com/viewjob?jk=3b816668fa219beb
データ分析とICT基盤開発.,年収 600万 ~ 749万円,,摂津市,https://jp.indeed.com/viewjob?jk=a843474fe8575abe
バックエンドエンジニア(大阪) / インターネット/Webサービス・ASP,年収 350万 ~ 550万円,"
株式会社 タンバリン",大阪市 同心,https://jp.indeed.com/viewjob?jk=ca995d9545d93644
プロジェクトマネジャー,年収 500万円,,大阪市 北区,https://jp.indeed.com/viewjob?jk=9edde275068a3840
データアナリスト・データサイエンティスト,月給 41.6万円,,大阪市 中央区,https://jp.indeed.com/viewjob?jk=3da7e9d1a7451cb6
組み込みエンジニア《育成プロジェクト》未経験歓迎,年収 360万 ~ 440万円,,門真市,https://jp.indeed.com/viewjob?jk=0b37ce84e65b5a82
Webサービス系エンジニア,月給 20.4万 ~ 24.8万円,"
ピープルソフトウェア株式会社",大阪市 都島区,https://jp.indeed.com/viewjob?jk=54fb10787bf79f00
【大阪】セールスフォース開発エンジニア / インターネット/Webサービス・ASP,年収 350万 ~ 800万円,"
株式会社 Fleekdrive",大阪市 本町,https://jp.indeed.com/viewjob?jk=f672d5a85ab921a1
システム開発(Web・オープン・モバイル系)/正社員,月給 20万 ~ 22万円,"
株式会社アクロビジョン",大阪市,https://jp.indeed.com/viewjob?jk=72c9b2cdd1d603e2
3DCGアーティスト(アニメーター),年収 360万 ~ 960万円,"
マイナビクリエイター",大阪市 北区,https://jp.indeed.com/viewjob?jk=2bf571ec5f6a86a3
スクリプト言語得意な方/WEBアプリ開発/PHP・Ruby,未記入,,大阪市 北区,https://jp.indeed.com/viewjob?jk=b806331ec6e8a991
Webサービス系エンジニア,月給 21.7万 ~ 40.6万円,"
山陽ファースト株式会社",大阪市 中央区,https://jp.indeed.com/viewjob?jk=9bb12c61b21f4da7
関西大学総合情報学部専任教員,未記入,,高槻市 霊仙寺町,https://jp.indeed.com/viewjob?jk=92361bab991ffe7a
システムエンジニア,"時給 2,700円",,大阪市 肥後橋駅,https://jp.indeed.com/viewjob?jk=3af763691de63cca
国立大学での材料設計に基づく実験サポートとデータの整理,"時給 1,400 ~ 1,500円",,吹田市,https://jp.indeed.com/viewjob?jk=c64dc9c60ed6ad65
【大阪】Webアプリ・サービス開発エンジニア / インターネット/Webサービス・ASP,"年収 350万 ~ 1,200万円","
株式会社 エクレクト",大阪市 難波,https://jp.indeed.com/viewjob?jk=c27c5a64bec9cbaf
インフラエンジニア/ソフトウェア・情報処理業界のサーバ設計・構築(LAN・WAN・インターネット),月給 27.2万 ~ 46.3万円,,豊中市,https://jp.indeed.com/viewjob?jk=dbfbd961acd44ea6
【AI+パーソナライズ】ソリューションエンジニア(SIer出身者歓迎),年収 400万 ~ 600万円,"
シルバーエッグ・テクノロジー株式会社",吹田市,https://jp.indeed.com/viewjob?jk=c09bd8958b854b78
データサイエンスで新たなビジネス創出,月給 70万 ~ 100万円,,大阪市 新大阪駅,https://jp.indeed.com/viewjob?jk=8bb7d610d0c538b0
IT基盤改革コンサルタント・デジタルテクノロジーアーキテクト(中部・西日本)　/　コンサルティングファーム,"年収 600万 ~ 1,200万円","
クライス&カンパニー",大阪市 北区,https://jp.indeed.com/viewjob?jk=b8bd2c64dde7e709
某自動車メーカーの社内ポータルシステム運用保守 福利厚生充実,未記入,,大阪市 北区,https://jp.indeed.com/viewjob?jk=a20c49b7e64982d6
2021 新卒採用 ソフトウェア,未記入,"
株式会社LASSIC",大阪府,https://jp.indeed.com/viewjob?jk=bf79cf7cb9eb7898
インフラエンジニア// Infra Engineer,未記入,,大阪市,https://jp.indeed.com/viewjob?jk=c09d2356eace27d7
ツールプログラマ(DCCツール),未記入,,大阪市 中央区,https://jp.indeed.com/viewjob?jk=220a6401a0fd295f
Webエンジニア・Webプログラマ・データ作成担当[兼務](C#) あなたの「得意」で世の中をちょっと便利にするために!!,月給 21万 ~ 38万円,"
株式会社アズティス",大阪市 西区,https://jp.indeed.com/viewjob?jk=48e66663548eb51e
【大阪】開発エンジニア/業界最高水準の定着率94%!,年収 350万 ~ 700万円,"
SBヒューマンキャピタル株式会社",大阪市 西中島,https://jp.indeed.com/viewjob?jk=352b954959d15c7f
Webプログラマー/システムエンジニア、専門学校講師,年収 320万 ~ 600万円,"
株式会社レッツアイ",大阪市 なんば駅,https://jp.indeed.com/viewjob?jk=bfd87da5e6d387a8
Webサービス系エンジニア,月給 20.2万 ~ 50.0万円,"
株式会社アビリブ",大阪市 北区,https://jp.indeed.com/viewjob?jk=136f2bff9d1db861
プロジェクトマネジャー,月給 34.5万 ~ 60.0万円,"
株式会社ブレーンナレッジシステムズ",大阪市 北区,https://jp.indeed.com/viewjob?jk=7eb506e4b226e87c
2021 新卒採用 ソフトウェア,未記入,"
株式会社サンネット",大阪府,https://jp.indeed.com/viewjob?jk=b686eee1ba97f1de
番組宣伝システムの改修業務,"時給 2,300 ~ 3,000円",,大阪市 梅田駅,https://jp.indeed.com/viewjob?jk=e6c9446653cfedae
業務系開発エンジニア,未記入,"
Sky株式会社",大阪市 淀川区,https://jp.indeed.com/viewjob?jk=b872e4dca276436a
ゲームクリエイター(2D・3D),年収 280万 ~ 420万円,"
株式会社レッツアイ",大阪市 北浜,https://jp.indeed.com/viewjob?jk=8a89bfe72e7f138c
一般事務,"時給 1,800円",,大阪市 北浜駅,https://jp.indeed.com/viewjob?jk=b840423b80d543a6
Webサービス系エンジニア,月給 20.1万円,"
株式会社デジアサ",大阪市 福島区,https://jp.indeed.com/viewjob?jk=9fb7b76c78bb71b3
セキュリティ監視システム開発,"時給 2,400円","
株式会社エーティーエス",大阪市 新大阪駅,https://jp.indeed.com/viewjob?jk=1320d04917a08ae3
データサイエンティスト・エンジニアリング,月給 25万円,"
株式会社アドバンスト・メディア",大阪市 中央区,https://jp.indeed.com/viewjob?jk=3952040c682bebde
アプリ開発エンジニア(大阪オフィス) / インターネット/Webサービス・ASP,年収 350万 ~ 700万円,"
クラウドエース 株式会社",大阪市 宮原,https://jp.indeed.com/viewjob?jk=01caadd54221dbe2
設計・開発エンジニア,年収 400万 ~ 599万円,"
株式会社PALTAC 〜創業120年 東証1部上場 医薬品・化粧品卸売トップクラ...",大阪市,https://jp.indeed.com/viewjob?jk=45e972c7590d35a6
大手ゲーム会社/AIエンジニア(大阪),年収 400万 ~ 650万円,"
マイナビクリエイター",大阪市 中央区,https://jp.indeed.com/viewjob?jk=a45a6e0f53f0a6e8
(東京大阪)画像AIアルゴニズム開発(東証一部上場),年収 400万 ~ 650万円,,高槻市,https://jp.indeed.com/viewjob?jk=80ea9cee7da1c1fc
プロジェクトリーダー / システムインテグレータ・ソフトハウス,年収 400万 ~ 550万円,"
株式会社 ラジカルオプティ",大阪市 豊崎,https://jp.indeed.com/viewjob?jk=f243685e925532ab
バックエンドエンジニア / Webマーケティング・ネット広告,"年収 500万 ~ 1,000万円","
株式会社 バスキュール",大阪市 港区,https://jp.indeed.com/viewjob?jk=1038496fe41cc9e4
【AI+パーソナライズ】ソリューションエンジニア(リーダー候補/SIer出身者歓迎),年収 500万 ~ 720万円,"
シルバーエッグ・テクノロジー株式会社",吹田市,https://jp.indeed.com/viewjob?jk=fc0b8bced0334879
テクニカルアニメーター,年収 700万円,,大阪市 中央区,https://jp.indeed.com/viewjob?jk=5d2c0b5cdfa44caa
開発マネージャー/CTO候補 / システムインテグレータ・ソフトハウス,年収 450万 ~ 700万円,"
株式会社 ラジカルオプティ",大阪市 豊崎,https://jp.indeed.com/viewjob?jk=faf8fb971f3af358
《大阪》スマートフォンアプリ開発　/転勤無,年収 450万 ~ 800万円,,大阪市 新大阪駅,https://jp.indeed.com/viewjob?jk=73e97da64a1a1cb6
ゲーム開発エンジニア(サーバーサイド),年収 350万 ~ 599万円,"
株式会社トリサン",大阪市,https://jp.indeed.com/viewjob?jk=e0bfeeccbf730c72
プロジェクトマネジャー,月給 56万円,"
ScienBiziP　Japan株式会社",大阪市 阿倍野区,https://jp.indeed.com/viewjob?jk=f793fc310da9e5fe
モーションデザイナー,"時給 1,500円",,大阪市 大阪駅,https://jp.indeed.com/viewjob?jk=0cc8c9161ed466cc
CGクリエイター,年収 350万 ~ 450万円,"
株式会社レッツアイ",大阪市 中央区,https://jp.indeed.com/viewjob?jk=e262ca66d939243e
リードエンジニア(自社開発 PHP) / インターネット/Webサービス・ASP,年収 500万 ~ 800万円,"
株式会社 i-plug",大阪市 西中島,https://jp.indeed.com/viewjob?jk=db3038fbc932ba2d
アプリケーション設計(オープン・WEB系)(システムインテグレーター・ソフトウェアメーカー),月給 25万 ~ 50万円,"
合同会社未来共創",大阪市,https://jp.indeed.com/viewjob?jk=e7fb3215a1df3766
サーバエンジニア(データセンター運用)<大阪>,年収 400万 ~ 700万円,"
SBヒューマンキャピタル株式会社",大阪市 大阪駅,https://jp.indeed.com/viewjob?jk=73ee9c3c028e2700
3DCGアーティスト(背景モデル制作),年収 360万 ~ 960万円,"
マイナビクリエイター",大阪市 北区,https://jp.indeed.com/viewjob?jk=8f3c3779f9cac5c6
【PL候補/大阪】プライム案件100%/自社勤務,年収 350万 ~ 600万円,"
SBヒューマンキャピタル株式会社",大阪市 京町堀,https://jp.indeed.com/viewjob?jk=aeab739dc8ebc2dc
Webサービス系エンジニア,月給 20.5万 ~ 40.0万円,,大阪市 北区,https://jp.indeed.com/viewjob?jk=42f50f6ce3171dee
《大阪本社》インフラエンジニア(自社クラウドサービス),年収 400万 ~ 700万円,,大阪市 本町,https://jp.indeed.com/viewjob?jk=60435a51e92c34a7
《大阪・横浜》PG・SE(コンシューマゲーム),年収 300万 ~ 600万円,,堺市 堺区,https://jp.indeed.com/viewjob?jk=c47f0e9c94305278
画像認識関連の推論モデルの開発,"時給 2,200 ~ 2,500円",,高槻市 摂津富田駅,https://jp.indeed.com/viewjob?jk=d16860998298a19b
自社WEBアプリケーション開発　システムエンジニア・プログラマ / ソフトウェア/パッケージベンダ,年収 390万 ~ 780万円,"
株式会社 SceneLive",大阪市 備後町,https://jp.indeed.com/viewjob?jk=aa7b6ea50b01f094
フロントエンジニア / Eコマースをアップデート!　オリジナル製品を気軽に購入できる自社ブランドサイトを手がけます / インターネット/Webサービス・ASP,年収 400万 ~ 600万円,"
株式会社 レスタス(旧名:株式会社名入れ製作所)",大阪市 中之島,https://jp.indeed.com/viewjob?jk=bb52debb19bba40b
Webサービスエンジニア,月給 16万 ~ 41万円,"
株式会社ユークス",堺市 堺区,https://jp.indeed.com/viewjob?jk=b817905f383dda60
派遣/駅チカ AI技術のWebマーケティングサービス PHP,"時給 1,900円","
株式会社スタッフサービス　エンジニアガイド",吹田市 江坂駅,https://jp.indeed.com/viewjob?jk=616c7491cfe32553
リードエンジニア / システムインテグレータ・ソフトハウス,年収 350万 ~ 700万円,"
株式会社 ラジカルオプティ",大阪市 豊崎,https://jp.indeed.com/viewjob?jk=e0fc8f86bac5e6ee
【大阪勤務】エンジニアマネージャー,年収 500万 ~ 700万円,"
株式会社GREETINGWORKS",大阪市 西区,https://jp.indeed.com/viewjob?jk=785f6f4c0d40bf44
WEBエンジニア,年収 400万 ~ 750万円,"
株式会社クラス",吹田市,https://jp.indeed.com/viewjob?jk=efdd296125284177
上流SE・PG/AI(人工知能)/自社サービス【業界・フェーズ・年数不問】大阪 / インターネット/Webサービス・ASP,"年収 650万 ~ 1,000万円","
木村情報技術 株式会社",大阪市 堂島,https://jp.indeed.com/viewjob?jk=f662917a44f84cd7
【AIシステム関連のアプリ開発業務(WEB・AI関連アプリ)】メーカー直受託 / システムインテグレータ・ソフトハウス,年収 380万 ~ 550万円,"
株式会社 マクロテクノス",大阪市 京町堀,https://jp.indeed.com/viewjob?jk=aa3567bd01d1212e
プロジェクトマネジャー,月給 32.7万 ~ 50.0万円,"
株式会社トップゲート",大阪市 北区,https://jp.indeed.com/viewjob?jk=0bfb818b8fab05ef
エンジニア(大阪) / システムインテグレータ・ソフトハウス,年収 300万 ~ 600万円,"
株式会社 ユニゾンシステムズ",大阪市 豊崎,https://jp.indeed.com/viewjob?jk=a06a8828889b7157
PHP経験あればOK!スマホアプリのサーバ側開発/Perl,年収 450万 ~ 500万円,,大阪市 北区,https://jp.indeed.com/viewjob?jk=f0afbab9859e2225
《大阪》自社製品開発エンジニア　/業界トップシェアメーカー,年収 420万 ~ 580万円,,大阪市 敷津東,https://jp.indeed.com/viewjob?jk=5251c5c247831a62
リードエンジニア / インターネット/Webサービス・ASP,年収 500万 ~ 800万円,"
株式会社 i-plug",大阪市 西中島,https://jp.indeed.com/viewjob?jk=1876547d0f5a8e93
スマホアプリ・ネイティブアプリ系エンジニア,月給 21万円,"
株式会社NTTデータNJK",大阪市 淀川区,https://jp.indeed.com/viewjob?jk=d600274f67640fcb
画像認識技術者[大阪],未記入,"
リージョナルキャリア",高槻市,https://jp.indeed.com/viewjob?jk=d13f07a118c39ff5
テスト・ビルドエンジニア,未記入,,大阪市 中央区,https://jp.indeed.com/viewjob?jk=32cfe6fa3efdde5a
国内外の製造拠点における生産革新活動を支援するITソリューシ,未記入,,門真市,https://jp.indeed.com/viewjob?jk=2631e3db14f61e4f
システム開発エンジニア募集/大阪府,年収 440万 ~ 600万円,"
株式会社グレイス",大阪市 北区,https://jp.indeed.com/viewjob?jk=3896a436a18c9737
Web開発エンジニア,月給 22万 ~ 40万円,,大阪市 淡路町,https://jp.indeed.com/viewjob?jk=b56a9cfb5d83653b
【自社サービスの立ち上げ段階から参画! 】Webアプリケーション開発エンジニア募集 / インターネット/Webサービス・ASP,年収 400万 ~ 800万円,"
株式会社 GRI",大阪市 港区,https://jp.indeed.com/viewjob?jk=1d827785660e021a
Salesforceでの開発業務,"時給 3,000円","
株式会社エーティーエス",大阪市 北浜駅,https://jp.indeed.com/viewjob?jk=b0d27fe329214ee7
3DCGアーティスト(キャラクターアーティスト),年収 360万 ~ 960万円,"
マイナビクリエイター",大阪市 北区,https://jp.indeed.com/viewjob?jk=af5117177e87b96c
テクニカルアーティスト,年収 700万円,,大阪市 中央区,https://jp.indeed.com/viewjob?jk=ea1357a1a012304e
【P-LSNW】組み込みソフトウェアエンジニア/ネットワーク機器,年収 400万 ~ 599万円,"
パナソニックLSネットワークス株式会社",阪南市,https://jp.indeed.com/viewjob?jk=a6beb2e87938b032
グローバル空調IoTプラットフォーム開発(フロントエンド)　/　グローバルメーカー,年収 500万 ~ 900万円,"
クライス&カンパニー",吹田市,https://jp.indeed.com/viewjob?jk=72a993c97f14b70b
基礎研究・先行開発・要素技術開発,月給 23万 ~ 52万円,"
株式会社PALTAC",大阪市 中央区,https://jp.indeed.com/viewjob?jk=e71bae2e3c073454
物流・ロジスティクス業界/社内SE※大阪物流システム開発担当/通販物流業界トップクラスマイカー通勤可能,年収 400万 ~ 650万円,,大阪市 西淀川区,https://jp.indeed.com/viewjob?jk=b3d89c685c783a50
派遣/西三荘 ネットワーク上のウイルス監視/対策業務 Java,"時給 1,950円","
株式会社スタッフサービス　エンジニアガイド",門真市 西三荘駅,https://jp.indeed.com/viewjob?jk=d9987fa5983939cb
[派]【職場環境良好】画像認識関連の推論モデルの開発　@摂津富田,"時給 2,200 ~ 2,500円",,高槻市,https://jp.indeed.com/viewjob?jk=3a4b69858a78ec53
自社パッケージエンジニア《東証一部/大阪自社勤務》,年収 450万 ~ 800万円,,大阪市 平野町,https://jp.indeed.com/viewjob?jk=7192d8bc8e856de2
【大阪】クラウドサービス開発エンジニア　リーダー候補/インターネット/Webサービス・ASP,年収 450万 ~ 800万円,"
株式会社 Fleekdrive",大阪市 本町,https://jp.indeed.com/viewjob?jk=29ac50b2fa7eef33
Webプログラマー【大阪】 / 広告・デザイン・イベント,年収 400万 ~ 700万円,"
株式会社 アビリブ(旧名:株式会社 アビリティコンサルタント)",大阪市 堂島,https://jp.indeed.com/viewjob?jk=5f12614e58fcb5c3
Webマーケター/デジタルマーケティング,年収 450万 ~ 600万円,"
株式会社レッツアイ",大阪市 肥後橋駅,https://jp.indeed.com/viewjob?jk=9df48d82d37cdfa1
サーバーエンジニア【一部上場 ゲームソフトメーカー】,未記入,"
株式会社エリートネットワーク",大阪市,https://jp.indeed.com/viewjob?jk=2cb7469a82cf8043
Web系開発,年収 400万 ~ 800万円,"
Sky株式会社",大阪市 宮原,https://jp.indeed.com/viewjob?jk=51d3538e72fa04fe
[派]【高時給3500円】AWSでのクラウド開発　@摂津富田,"時給 3,500円",,高槻市,https://jp.indeed.com/viewjob?jk=d1edf05a889357c7
2021 新卒採用 ソフトウェア,未記入,"
DIRインフォメーションシステムズ株式会社",大阪府,https://jp.indeed.com/viewjob?jk=28ef5ccf9d3302ba
派遣/AIソフトのデータ分析・プログラミング 最新技術,"時給 1,950円","
株式会社スタッフサービス　エンジニアガイド",門真市 西三荘駅,https://jp.indeed.com/viewjob?jk=7e8c0d042200ed70
WEBシステム開発業務,"時給 1,750 ~ 2,000円",,大阪市 淀屋橋駅,https://jp.indeed.com/viewjob?jk=c17129a4b2f9b477
IoTシステム開発エンジニア / インターネット/Webサービス・ASP,年収 400万 ~ 600万円,"
株式会社 気象工学研究所",大阪市 京町堀,https://jp.indeed.com/viewjob?jk=691c130e7f6d61ff
2021 新卒採用 ソフトウェア,未記入,"
株式会社オーネスト",大阪府,https://jp.indeed.com/viewjob?jk=df2d9af05c68bdc1
システム開発のお仕事,"時給 2,000 ~ 2,500円",,大阪市 北浜駅,https://jp.indeed.com/viewjob?jk=c02a018ff1c91630
制御系ソフトウェア開発,月給 25万円,,大阪市 中央区,https://jp.indeed.com/viewjob?jk=7bd2405ef46b9a7f
【大阪】Webアプリケーションエンジニア(SE・PG) / ソフトウェア/パッケージベンダ,年収 354万 ~ 600万円,"
株式会社 GSI",大阪市 淡路町,https://jp.indeed.com/viewjob?jk=d754e5c480051d8e
【大阪】PM/PL(Google技術を基盤としたプロジェクトを先導※Google環境未経験者可) / システムインテグレータ・ソフトハウス,"年収 560万 ~ 1,000万円","
株式会社 トップゲート",大阪市 堂島,https://jp.indeed.com/viewjob?jk=db99b2edac4789f4
サーバーエンジニア,年収 400万 ~ 650万円,"
マイナビクリエイター",大阪市 中央区,https://jp.indeed.com/viewjob?jk=5709a5c990e5355f
大手ゲーム会社/テスト・ビルドエンジニア,年収 400万 ~ 650万円,"
マイナビクリエイター",大阪市 中央区,https://jp.indeed.com/viewjob?jk=70b35790da3f846a
高い技術で展開中のゲーム開発企業/アニメーション【大阪】,年収 400万 ~ 600万円,"
マイナビクリエイター",大阪市 浪速区,https://jp.indeed.com/viewjob?jk=649e3088e361abe8
AI・IoT案件も充実!次世代製品の【組込開発エンジニア】/経験少なくても充実の研修でスキル・待遇アップ,月給 20万 ~ 30万円,,池田市,https://jp.indeed.com/viewjob?jk=59f25f5ccc645062
画像認識アルゴ環境構築(C言語),"時給 2,400円","
株式会社エーティーエス",大阪市 新大阪駅,https://jp.indeed.com/viewjob?jk=4b895e9191deefb5
ICT技術による自社製品の高度化開発《大阪本社》,年収 450万 ~ 750万円,,大阪市 南港北,https://jp.indeed.com/viewjob?jk=61131ecdfba3f92a
《大阪》SE　/希望にあった案件・働き方を選択可能!,年収 350万 ~ 600万円,,大阪市 新大阪駅,https://jp.indeed.com/viewjob?jk=d91e91b3426447da
プロジェクトマネージャー,年収 300万 ~ 400万円,,大阪市 大阪駅,https://jp.indeed.com/viewjob?jk=d7a948dbec2bb0b2
SE,年収 400万 ~ 699万円,,高槻市,https://jp.indeed.com/viewjob?jk=97f526b1d8f36bd2
プログラマ,"時給 3,000円",,門真市 門真市駅,https://jp.indeed.com/viewjob?jk=f09439e808671eaf
2021 新卒採用 情報処理,未記入,,大阪府,https://jp.indeed.com/viewjob?jk=32d14198af65addf
《大阪》リードエンジニア　/国内売上高No.1ツール,"年収 700万 ~ 1,200万円",,吹田市 江坂町,https://jp.indeed.com/viewjob?jk=cb3fd65d479554ef
リードエンジニア,未記入,"
マイケル・ペイジ・インターナショナル・ジャパン株式会社",大阪市,https://jp.indeed.com/viewjob?jk=f4c6335e2627dc89
デバイス開発におけるソフトウェア開発技術者,年収 470万 ~ 900万円,,大阪市,https://jp.indeed.com/viewjob?jk=dc31c8fccff74b9d
SE(ビジネスアプリケーション系),"時給 2,200円",,高槻市 摂津富田駅,https://jp.indeed.com/viewjob?jk=1cf1e76c4008fcc4
Webプログラマー/システムエンジニア,年収 320万 ~ 388万円,"
株式会社レッツアイ",大阪市 大阪駅,https://jp.indeed.com/viewjob?jk=5753f214d84a6d85
データアナリスト【一部上場 ゲームソフトメーカー】,未記入,"
株式会社エリートネットワーク",大阪市,https://jp.indeed.com/viewjob?jk=60d00ef421dae575
データエンジニア(大阪・東京),年収 400万 ~ 800万円,"
株式会社カプコン",大阪市 中央区,https://jp.indeed.com/viewjob?jk=1c18aa3a26242fff
Office365の構築業務,月給 21万 ~ 50万円,,大阪市 北区,https://jp.indeed.com/viewjob?jk=2aabf19862ae8555
画像・AIアルゴリズム開発者《大阪/高槻》,年収 450万 ~ 650万円,,高槻市 桜町,https://jp.indeed.com/viewjob?jk=93e9d15cd7ae28d7
3DCGアーティスト(リガー),年収 360万 ~ 960万円,"
マイナビクリエイター",大阪市 北区,https://jp.indeed.com/viewjob?jk=160162aa04edaf13
教育業界/大阪/情報処理教員~CMでおなじみの大手専門学校~,年収 300万 ~ 450万円,,大阪市 浪速区,https://jp.indeed.com/viewjob?jk=be4067431d36f793
インフラエンジニア/ソフトウェア・情報処理業界のネットワーク設計・構築(LAN・WAN・インターネット),月給 22万 ~ 60万円,"
株式会社アイティーシー",大阪市,https://jp.indeed.com/viewjob?jk=c9d06c4d53c5691c
ビッグデータ環境の維持改善及び分析加工支援詳細設計 (総合電機メーカーでのお仕事です ) Python,月給 23万円,,門真市 西三荘駅,https://jp.indeed.com/viewjob?jk=a0c61170117fcbe1
制御系ソフトウェア開発,月給 25万 ~ 40万円,"
パナソニックシステムデザイン株式会社",門真市,https://jp.indeed.com/viewjob?jk=88ba23f61fcbb961
ツールエンジニア,年収 360万 ~ 960万円,"
マイナビクリエイター",大阪市 北区,https://jp.indeed.com/viewjob?jk=db75a0f943f74691
データエンジニア【一部上場 ゲームソフトメーカー】,未記入,"
株式会社エリートネットワーク",大阪市,https://jp.indeed.com/viewjob?jk=92c2a99cfa26f702
データ分析システム開発仕様検討 (大手通信メーカー) Python,月給 23万円,,大阪市 京橋駅,https://jp.indeed.com/viewjob?jk=9d12c9a8a0b5c3dc
各種業務アプリの開発,月給 21万 ~ 50万円,,大阪市 淀川区,https://jp.indeed.com/viewjob?jk=5147a957cb1d1572
車載器向け情報解析プログラム開発の求人,"時給 2,100 ~ 2,200円",,大阪市 肥後橋駅,https://jp.indeed.com/viewjob?jk=a9e65d8ed031d03d
大手ゲーム会社/ツールエンジニア(DCCツール),年収 400万 ~ 650万円,"
マイナビクリエイター",大阪市 中央区,https://jp.indeed.com/viewjob?jk=6ecef745f6c29edc
ソフトウェアアーキテクト(IoTサービスPF開発),年収 500万 ~ 800万円,,高槻市,https://jp.indeed.com/viewjob?jk=7068305acb4a149a
プログラマ,年収 330万 ~ 520万円,"
リージョナルキャリア",大阪市 西区,https://jp.indeed.com/viewjob?jk=1b814c37877d0bf8
システムエンジニア,"時給 2,500 ~ 3,100円",,門真市 門真市駅,https://jp.indeed.com/viewjob?jk=7277a2cb8e112c96
リハビリ支援ロボットに関するWebシステム開発,"時給 2,300 ~ 3,000円",,大阪市 梅田駅,https://jp.indeed.com/viewjob?jk=a9a1d7508581cfc0
テスト・ビルドエンジニア【一部上場 ゲームソフトメーカー】,未記入,"
株式会社エリートネットワーク",大阪市,https://jp.indeed.com/viewjob?jk=5e3ebfdde4a45533
【新規事業】ソフトウェアエンジニア(大阪勤務),年収 470万 ~ 750万円,"
エムオーテックス株式会社",大阪市 淀川区,https://jp.indeed.com/viewjob?jk=211bf46ca8200df8
【大阪】サーバ・アプリエンジニア/JASDAQ上場,年収 350万 ~ 800万円,"
SBヒューマンキャピタル株式会社",堺市 堺区,https://jp.indeed.com/viewjob?jk=d951746ce95c8652
Webシステム構築エンジニア(NW/サーバー),月給 22万 ~ 40万円,,大阪市 淡路町,https://jp.indeed.com/viewjob?jk=3c53d091f4c2a4f5
【将来有望な若手エンジニア】 AIをやってみたいWebアプリケーション開発エンジニア / インターネット/Webサービス・ASP,年収 400万 ~ 800万円,"
株式会社 GRI",大阪市 港区,https://jp.indeed.com/viewjob?jk=a0a6cd46f4c326d6
Webサイトの開発,月給 21万 ~ 50万円,,大阪市 福島区,https://jp.indeed.com/viewjob?jk=2ea6506dd7e9ea47
"システム開発(Web・オープン系,汎用系)","時給 2,100 ~ 2,200円",,大阪市 肥後橋駅,https://jp.indeed.com/viewjob?jk=93e3d2167c1baffb
2021 新卒採用 ソフトウェア,未記入,"
株式会社SRA",大阪府,https://jp.indeed.com/viewjob?jk=58d7973371745ec8
ツール運用・開発業務,"時給 2,100 ~ 2,400円","
株式会社エーティーエス",大阪市 玉造駅,https://jp.indeed.com/viewjob?jk=a0e84c8c0b33a5c7
東証一部上場SAP企業/ディレクター【大阪】,年収 500万 ~ 700万円,"
マイナビクリエイター",大阪市 北区,https://jp.indeed.com/viewjob?jk=b210344730bb3a1b
高い技術で展開中のゲーム開発企業/UIデザイナー【大阪】,年収 400万 ~ 600万円,"
マイナビクリエイター",大阪市 浪速区,https://jp.indeed.com/viewjob?jk=e8b57a092269e5ed
(リーダー候補)Webアプリケーション開発エンジニア,年収 300万 ~ 600万円,"
株式会社フィット",大東市,https://jp.indeed.com/viewjob?jk=417eeddfbb5e686f
高い技術で展開中の開発企業/テクニカルアーティスト【大阪】,年収 400万 ~ 600万円,"
マイナビクリエイター",大阪市 浪速区,https://jp.indeed.com/viewjob?jk=d29d8346c8e3a334
テクニカルアニメーター【一部上場 ゲームソフトメーカー】,未記入,"
株式会社エリートネットワーク",大阪市,https://jp.indeed.com/viewjob?jk=b39f2e6c8d00bbb7
住宅向け機器評価,月給 20.5万 ~ 49.7万円,,大阪市 西区,https://jp.indeed.com/viewjob?jk=8df4b47a9d29c317
その他 IT関連,"時給 2,500 ~ 3,100円",,門真市 門真市駅,https://jp.indeed.com/viewjob?jk=c1b62e75eb411846
《大阪》CAE技術者(電磁界系パッケージ開発),年収 550万 ~ 700万円,,大阪市 土佐堀,https://jp.indeed.com/viewjob?jk=fafbd07aab0bd018
システム開発,"時給 1,800円",,茨木市 総持寺駅,https://jp.indeed.com/viewjob?jk=063153df104bd29d
プロジェクトマネージャー / システムインテグレータ・ソフトハウス,年収 450万 ~ 600万円,"
株式会社 DHI",吹田市 江の木町,https://jp.indeed.com/viewjob?jk=4140874c84b8f612
SE/PG 大手メーカー 光ディスクアーカイブシステムの制御ソフト開発,"時給 2,500 ~ 3,100円",,門真市 門真市駅,https://jp.indeed.com/viewjob?jk=74d872a0b6108313
ITエンジニア/人材派遣・人材紹介業界のシステムエンジニア(アプリ設計/WEB・オープン・モバイル系),月給 25.3万 ~ 48.0万円,,高槻市,https://jp.indeed.com/viewjob?jk=ba86a7d9c0203b67
サーバエンジニア・アプリエンジニア*JASDAQ上場,年収 350万 ~ 700万円,"
SBヒューマンキャピタル株式会社",堺市 堺区,https://jp.indeed.com/viewjob?jk=c820034ebdc8ef31
ツールエンジニア(ゲームエンジン),年収 400万 ~ 650万円,"
マイナビクリエイター",大阪市 中央区,https://jp.indeed.com/viewjob?jk=30007c1309167b71
SE/PG 高時給 光ディスクアーカイブ装置のミドルウェアソフト開発,"時給 2,600 ~ 3,150円",,門真市 門真市駅,https://jp.indeed.com/viewjob?jk=6bb901907cd51348
IoT家電ビッグデータにAI技術を活用した研究開発,未記入,,門真市,https://jp.indeed.com/viewjob?jk=d2def88a5cbca70e
業務効率化に伴う作業の自動化業務,月給 21万 ~ 50万円,,池田市 池田駅,https://jp.indeed.com/viewjob?jk=1c3d10f6a12b9a0e
公共向けシステムの開発業務,月給 21万 ~ 50万円,,大阪市 西区,https://jp.indeed.com/viewjob?jk=9bc9c010ab6d58dd
システムの構築業務,月給 21万 ~ 50万円,,大阪市 中央区,https://jp.indeed.com/viewjob?jk=661fba93fa503bb6
各種業務用アプリの開発業務,月給 21万 ~ 50万円,,大阪市 淀川区,https://jp.indeed.com/viewjob?jk=5201e4914d350327
大手企業での新規PJやAI・IoTなどの最先端案件&研修充実【WEBアプリ開発エンジニア】上場企業で充実の福利厚生/年休127日,月給 24万 ~ 50万円,,門真市,https://jp.indeed.com/viewjob?jk=5a4afedcf85890f1
組込センサ→データ収集するIoTシステムの構築,"時給 2,500 ~ 2,700円",,大阪市 堺筋本町駅,https://jp.indeed.com/viewjob?jk=8d4063152861d681
システム開発・インフラ構築(PM･PM候補),月給 22万 ~ 40万円,,大阪市 淡路町,https://jp.indeed.com/viewjob?jk=7766ec9d82d62a7f
ツールプログラマ(DCCツール)【一部上場 ゲームソフトメーカー】,未記入,"
株式会社エリートネットワーク",大阪市,https://jp.indeed.com/viewjob?jk=d51c202f3a399c48
北新地駅|組込み開発エンジニア(SE PG)年間休日120日以上 福利厚生充実 資格取得支援あり|その他の汎用機 制御開発関連,月給 22万 ~ 40万円,"
株式会社D-design 株式会社D-design 本社",大阪市 大阪駅,https://jp.indeed.com/viewjob?jk=0cae4c970dc4ee8d
サーバーの構築・運用,月給 21万 ~ 50万円,,大阪市 北区,https://jp.indeed.com/viewjob?jk=aac592f63db23bc5
西梅田駅|組込み開発エンジニア(SE PG)年間休日120日以上 福利厚生充実 資格取得支援あり|アプリケーション設計(汎用機 制御系),月給 22万 ~ 40万円,"
株式会社D-design 株式会社D-design 本社",大阪市 西梅田駅,https://jp.indeed.com/viewjob?jk=82996a200369423d
テクニカルアーティスト【一部上場 ゲームソフトメーカー】,未記入,"
株式会社エリートネットワーク",大阪市,https://jp.indeed.com/viewjob?jk=3bb759f3d1875a2c
2021 新卒採用 総合電機(電気・電子機器),未記入,,大阪府,https://jp.indeed.com/viewjob?jk=94340aafb9e7fe34
プロジェクトマネージャー・日本最大級のBtoBオンラインストア(東証一部上場),"年収 500万 ~ 1,100万円","
ヒューレックス株式会社",大阪市 梅田駅,https://jp.indeed.com/viewjob?jk=0b7167ab4da9bca8
会計システムの開発,月給 21万 ~ 50万円,,守口市,https://jp.indeed.com/viewjob?jk=cb7dcedc2c20299c
IoTサービスソフト・PF開発エンジニア《大阪/高槻》,年収 550万 ~ 800万円,,高槻市 桜町,https://jp.indeed.com/viewjob?jk=cd374736ef8865f6
ITエンジニア(インフラ/開発)/ソフトウェア・情報処理業界のプログラマー(WEB・オープン・モバイル系),月給 20万 ~ 22万円,"
株式会社アクロビジョン",大阪市,https://jp.indeed.com/viewjob?jk=e585e8d09603195c
Webエンジニア【マザーズ上場 Webサイト向けレコメンド・サービス】,年収 500万 ~ 600万円,"
株式会社エリートネットワーク",吹田市,https://jp.indeed.com/viewjob?jk=48925a6a2f7941d7
自社パッケージスクール管理,月給 21万 ~ 50万円,,高槻市,https://jp.indeed.com/viewjob?jk=0883219399caf7bb
BIシステムの設計・開発業務,月給 21万 ~ 50万円,,大阪市 西梅田駅,https://jp.indeed.com/viewjob?jk=56441ee5ab5b744d
法人向けクラウド名刺管理サービスの開発エンジニア,"年収 448万 ~ 1,204万円","
リージョナルキャリア",大阪市,https://jp.indeed.com/viewjob?jk=508bcb4c49b51c6f
製造メーカー向けインフラ開発業務,月給 21万 ~ 50万円,,大阪市 東淀川区,https://jp.indeed.com/viewjob?jk=96d6388901cc08e0
スマートメータ用通信システムの開発補助、テスト(未経験大歓迎),月給 20.5万 ~ 49.7万円,,大阪市 此花区,https://jp.indeed.com/viewjob?jk=d031c68427e7712a
ソフトウェアエンジニア(バックエンド)・日本最大級のBtoBオンラインストア(東証一部上場),年収 500万 ~ 800万円,"
ヒューレックス株式会社",大阪市 梅田駅,https://jp.indeed.com/viewjob?jk=4644b0a2424c3db8
Windows Server内システムのリプレイス業務,月給 21万 ~ 50万円,,大阪市 中央区,https://jp.indeed.com/viewjob?jk=85aa6a969aeef19d
C言語を用いたソフトウェアの開発支援業務,月給 21万 ~ 50万円,,池田市,https://jp.indeed.com/viewjob?jk=8a795cdaad9e5193
電子機器のソフトウェアテスト業務,月給 21万 ~ 50万円,,大阪市 中津(大阪市営地下鉄)駅,https://jp.indeed.com/viewjob?jk=71a0c66db07f3e39
AI・IoT案件も充実!次世代製品の組込開発エンジニア/PL・PMスタートも可/上流工程から参画可,月給 24万 ~ 50万円,,大阪市,https://jp.indeed.com/viewjob?jk=8f8d69b5afaa990e
アプリ開発業務,月給 21万 ~ 50万円,,門真市,https://jp.indeed.com/viewjob?jk=d40263b1cc1c1ef9
製造系システムの開発業務,月給 21万 ~ 50万円,,大阪市 中央区,https://jp.indeed.com/viewjob?jk=a3977539892d3e48
ネットワーク機器の設定変更業務,月給 21万 ~ 50万円,,大阪市 北区,https://jp.indeed.com/viewjob?jk=eebe409c4c50abda
AI技術のWebマーケティングサービスコンサルティング (ソフトウェア会社でのお仕事です ) PHP,月給 23万円,,吹田市 江坂駅,https://jp.indeed.com/viewjob?jk=e2f713320715e8b2
組込み制御,月給 21万 ~ 50万円,,大阪市,https://jp.indeed.com/viewjob?jk=16ef94895675ee92
プラットホーム開発業務,月給 21万 ~ 50万円,,大阪市,https://jp.indeed.com/viewjob?jk=154a60703813c0b7
ソフトウェア開発,月給 21万 ~ 50万円,,門真市,https://jp.indeed.com/viewjob?jk=03f92febba7ec1f0
組み込み機器の検査実施,月給 21万 ~ 50万円,,大阪市,https://jp.indeed.com/viewjob?jk=0adc0b30a51aaabf
ソフトウェアエンジニア(QA エンジニア)・日本最大級のBtoBオンラインストア(東証一部上場),年収 400万 ~ 900万円,"
ヒューレックス株式会社",大阪市 梅田駅,https://jp.indeed.com/viewjob?jk=a1944afd6553110a
SE/PG Linux C言語/車載器向け情報解析システム開発 肥後橋,"時給 2,100 ~ 2,200円",,大阪市 肥後橋駅,https://jp.indeed.com/viewjob?jk=07edf7d95a1d4398
東梅田駅|組込み開発エンジニア(SE PG)年間休日120日以上 福利厚生充実 資格取得支援あり|プログラマ(汎用機 制御系),月給 22万 ~ 40万円,"
株式会社D-design 株式会社D-design 本社",大阪市 東梅田駅,https://jp.indeed.com/viewjob?jk=01b398cdef33c9db
顧客向けシステムの開発業務,月給 21万 ~ 50万円,,大阪市 北区,https://jp.indeed.com/viewjob?jk=1de1a8cb6d016f9b
排出物遵法管理システムの開発業務,月給 21万 ~ 50万円,,大阪市 淀川区,https://jp.indeed.com/viewjob?jk=6c4ed633e7b82aae
Android機種開発,月給 21万 ~ 50万円,,大阪市,https://jp.indeed.com/viewjob?jk=a8541302af098b1a
各種ミドルサーバーの維持管理業務,月給 21万 ~ 50万円,,大阪市 西区,https://jp.indeed.com/viewjob?jk=9fa80ebe33888470
製造業・流通業向けアプリケーションの開発業務,月給 21万 ~ 50万円,,大阪市 北区,https://jp.indeed.com/viewjob?jk=c906d11906baa70a
ソフトウェアエンジニア(リアルタイムデータパイプライン)・日本最大級BtoBオンラインストア(上場企業),"年収 500万 ~ 1,400万円","
ヒューレックス株式会社",大阪市 梅田駅,https://jp.indeed.com/viewjob?jk=1c25e5cc66d4dc5c
[派]【Linux、C言語 車載器向け情報解析システム開発】@肥後橋,"時給 2,100 ~ 2,200円",,大阪市 西区,https://jp.indeed.com/viewjob?jk=fe5fc7ab2052d4cc
サーバーエンジニア・運用業務,月給 21万 ~ 50万円,,大阪市 福島区,https://jp.indeed.com/viewjob?jk=41f123a7061c69f0
アプリケーション開発業務,月給 21万 ~ 50万円,,門真市,https://jp.indeed.com/viewjob?jk=1f60d22ef89b92df
生産設備用システム開発業務,月給 21万 ~ 50万円,,門真市,https://jp.indeed.com/viewjob?jk=f8ab8a4874c5a36c
システム設計,月給 21万 ~ 50万円,,池田市,https://jp.indeed.com/viewjob?jk=cb8a3fa1e6c51186
受信機のドライバー開発,月給 21万 ~ 50万円,,門真市,https://jp.indeed.com/viewjob?jk=c083eeeafc990ef5
金融系オープン系システムの開発支援業務,月給 21万 ~ 50万円,,大阪市 西区,https://jp.indeed.com/viewjob?jk=72672dff851d3cb6
組込ソフト開発業務,月給 21万 ~ 50万円,,門真市,https://jp.indeed.com/viewjob?jk=7173b75715770c5a
ソフトウェアエンジニア(マイクロサービス基盤)・日本最大級BtoBオンラインストア(上場企業),"年収 500万 ~ 1,400万円","
ヒューレックス株式会社",大阪市 梅田駅,https://jp.indeed.com/viewjob?jk=699a3c7001dc3e5e
血液検査機器の組み込み開発,月給 21万 ~ 50万円,,吹田市,https://jp.indeed.com/viewjob?jk=da45472c7c957154
ネットサーバー構築業務,月給 21万 ~ 50万円,,大阪市 中央区,https://jp.indeed.com/viewjob?jk=ed7bf152d7e39076
金融・保険・製造業向けシステム開発,月給 21万 ~ 50万円,,大阪市,https://jp.indeed.com/viewjob?jk=afa2ad103a1818ba
医療情報アプリの開発業務,月給 21万 ~ 50万円,,枚方市,https://jp.indeed.com/viewjob?jk=24d9000afe549d1d
金融向けサーバーのリプレース業務,月給 21万 ~ 50万円,,大阪市 中央区,https://jp.indeed.com/viewjob?jk=9e00e6ab534d4468
照明基本設計 (大手家電メーカー) C言語,月給 23万円,,門真市 西三荘駅,https://jp.indeed.com/viewjob?jk=78cbb36a663addae
エンドユーザー向けアプリの開発業務,月給 21万 ~ 50万円,,堺市 堺区,https://jp.indeed.com/viewjob?jk=929e726f026cec37
電気・電子・半導体業界/空調機のIoT化・クラウド接続を実現する制御ソフトウェア・モバイルアプリ設計,年収 500万円,,吹田市,https://jp.indeed.com/viewjob?jk=1f3ad41ca492ba98
クラウドシステムの開発・保守,月給 21万 ~ 50万円,,門真市,https://jp.indeed.com/viewjob?jk=a0442064318c0ff8
組み込み制御系ソフトの開発業務,月給 21万 ~ 50万円,,大阪市 淀川区,https://jp.indeed.com/viewjob?jk=c0b0ca13f16be0f1
大手企業のIoTや組込み系エンジニア職,月給 20.8万 ~ 22.7万円,,大阪市 大阪駅,https://jp.indeed.com/viewjob?jk=4cc6478899b5b832
ソフトウェアエンジニア(EC サイト開発)・日本最大級のBtoBオンラインストア(東証一部上場),年収 400万 ~ 900万円,"
ヒューレックス株式会社",大阪市 梅田駅,https://jp.indeed.com/viewjob?jk=a13aa3c851edd1f7
モバイルアプリケーション開発業務,月給 21万 ~ 50万円,,大阪市 平野(JR西日本)駅,https://jp.indeed.com/viewjob?jk=45c8f421697fdd2a
ソフトウェア開発業務,月給 21万 ~ 50万円,,吹田市,https://jp.indeed.com/viewjob?jk=b1353dc59eda4b29
ソフトウェアエンジニア(ポジションサーチ)・日本最大級BtoBオンラインストア(東証一部上場),年収 500万 ~ 800万円,"
ヒューレックス株式会社",大阪市 梅田駅,https://jp.indeed.com/viewjob?jk=b009b67a08cdedb1
カメラ関係の組み込み開発,月給 21万 ~ 50万円,,門真市,https://jp.indeed.com/viewjob?jk=898d64a7f448a3c5
車載向け製品の組込み開発,月給 21万 ~ 50万円,,門真市,https://jp.indeed.com/viewjob?jk=937183c540ba941b
SE・PG(オープン系)/高時給3500円 AWSでのクラウド開発　門真,"時給 3,500円",,門真市 門真市駅,https://jp.indeed.com/viewjob?jk=3470da052aed92f9
製造現場指示システム開発業務,月給 21万 ~ 50万円,,堺市,https://jp.indeed.com/viewjob?jk=0c78bbfdcaccc3d4
SE・PG(オープン系)/大手メーカー光ディスクアーカイブシステムの制御ソフト開発,"時給 2,500 ~ 3,100円",,門真市 門真市駅,https://jp.indeed.com/viewjob?jk=a3d22895f889d111
SE・PG(オープン系)/高時給光ディスクアーカイブ装置のミドルウェアソフト開発,"時給 2,600 ~ 3,150円",,門真市 門真市駅,https://jp.indeed.com/viewjob?jk=1179a1b2c91dc9ba
インバーター通信制御ソフト開発,月給 21万 ~ 50万円,,大阪市,https://jp.indeed.com/viewjob?jk=e386fe4904fe5061
車載向け製品の組込み開発業務,月給 21万 ~ 50万円,,門真市,https://jp.indeed.com/viewjob?jk=fab3ae4b626af0c8
業務系システムの開発エンジニア,月給 21万 ~ 50万円,,大阪市 西区,https://jp.indeed.com/viewjob?jk=2e43757e842a7709
組み込みソフトウェア開発業務,月給 21万 ~ 50万円,,大阪市,https://jp.indeed.com/viewjob?jk=d833a12ed21a58b3
家電向けコントローラー等の組込ソフトウェア開発,月給 21万 ~ 50万円,,大阪市 淀川区,https://jp.indeed.com/viewjob?jk=9700db833a9b9bf2
ソフトウェアエンジニア(データ基盤 )・日本最大級BtoBオンラインストア(東証一部上場),"年収 400万 ~ 1,100万円","
ヒューレックス株式会社",大阪市 梅田駅,https://jp.indeed.com/viewjob?jk=b365f8783c09a0b0
作業用ツールの改修および品質管理システムの構築業務,月給 21万 ~ 50万円,,大阪市 北区,https://jp.indeed.com/viewjob?jk=56e64f9b3af1e5ae
企業向けシステムの改修・保守業務,月給 21万 ~ 50万円,,大阪市 北区,https://jp.indeed.com/viewjob?jk=292bc736b6a5dcc1
c言語を使用した組み込み開発業務,月給 21万 ~ 50万円,,大阪市,https://jp.indeed.com/viewjob?jk=183c796635ed9824
制御系・組み込み系ソフトウェアの開発業務,月給 21万 ~ 50万円,,大阪市 大阪天満宮駅,https://jp.indeed.com/viewjob?jk=b21a118177e2f17f
生産設備用システムのデータベース管理・運用,月給 21万 ~ 50万円,,門真市,https://jp.indeed.com/viewjob?jk=562596f1be526bee
痛み検証システムプログラミング (大手家電メーカー) C言語,月給 23万円,,門真市 西三荘駅,https://jp.indeed.com/viewjob?jk=260d59e16471e9b3
建機の故障診断ツールの設計・開発業務,月給 21万 ~ 50万円,,枚方市,https://jp.indeed.com/viewjob?jk=369543c4a935ca8e
ガス業界向けシステムの開発(Java),月給 21万 ~ 50万円,,大阪市 北区,https://jp.indeed.com/viewjob?jk=de76e7b2f37de6ca
ネットワーク機器詳細設計 (大手家電メーカー) Java,月給 23万円,,門真市 西三荘駅,https://jp.indeed.com/viewjob?jk=17959508971fdd83
空調機メーカー向けシステム開発支援,月給 21万 ~ 50万円,,大阪市 西区,https://jp.indeed.com/viewjob?jk=2e68b5b8e3fb4cf2
生産管理システムのリプレイスおよび改修業務,月給 21万 ~ 50万円,,大東市,https://jp.indeed.com/viewjob?jk=6ff5bc8176b4e9c9
WEBアプリ開発エンジニア,"時給 1,500円","
株式会社 井雄",大阪市 中央区,https://jp.indeed.com/viewjob?jk=4093e66dda3d2c51
自社開発のアプリケーションエンジニア,"時給 1,500円","
株式会社 井雄",大阪市 中央区,https://jp.indeed.com/viewjob?jk=e861fac19eb49f5f
プログラマー,未記入,"
株式会社ケイバブック",大阪市,https://jp.indeed.com/viewjob?jk=6164d02ff410d877
専門学校および大学にて講師ができる方,未記入,"
株式会社アイライト",大阪市 西本町,https://jp.indeed.com/viewjob?jk=d335019e933c8980
"PG,SE",月給 35万 ~ 50万円,"
Milky Way",大阪市,https://jp.indeed.com/viewjob?jk=406f38ea01ff770e
【即稼働可能】フリーランスエンジニア,月給 30万 ~ 80万円,"
株式会社フレスタ - 人材紹介事業部",大阪市,https://jp.indeed.com/viewjob?jk=821aa01ce88d6ae1
システムエンジニア,月給 30万 ~ 50万円,"
大和システム株式会社",大阪市 福島区福島,https://jp.indeed.com/viewjob?jk=5939750a4d68894a
動画出演スタッフ,"時給 1,200円","
小野システムズ合同会社",大阪市 北区梅田,https://jp.indeed.com/viewjob?jk=b23d94471831fa56
システムエンジニア,"時給 1,500円","
株式会社 井雄",大阪市 本町,https://jp.indeed.com/viewjob?jk=d2829629b077d015
インフラエンジニア【関西勤務】,月給 25万 ~ 45万円,"
エクトミシステム株式会社",大阪市 中央区,https://jp.indeed.com/viewjob?jk=32ec1a40a5302391
ソフト評価　【滋賀県彦根市】,月給 25万 ~ 45万円,"
エクトミシステム株式会社",大阪市 中央区,https://jp.indeed.com/viewjob?jk=7616fb552b12c865
システムエンジニア,年収 300万 ~ 600万円,"
株式会社ロックシステム",大阪市 福島区福島,https://jp.indeed.com/viewjob?jk=40ccee232deddb5e
システムエンジニア,月給 21.2万 ~ 27.0万円,"
株式会社ヘッドジャパン",大阪市 堂島,https://jp.indeed.com/viewjob?jk=300f262a2c1671f3
社内SE職,年収 360万 ~ 600万円,"
株式会社CHAMPION CORPORATION",東大阪市 横枕西,https://jp.indeed.com/viewjob?jk=192313ec14312ce4
SE・PG システムエンジニア・プログラマー,月給 25万 ~ 50万円,"
株式会社オーシャンソフトウェア",大阪市 西中島,https://jp.indeed.com/viewjob?jk=ddcc7b6b6e8067e1
システムエンジニア,月給 20万 ~ 46万円,"
株式会社キャデット",大阪市 北区,https://jp.indeed.com/viewjob?jk=780b3b9beab75336
実務経験不問!　データサイエンティスト　※既卒・第二新卒歓迎,未記入,"
ドリームワーク株式会社",大阪市 梅田駅,https://jp.indeed.com/viewjob?jk=6d595eb23f51b2c0
システムエンジニア,月給 45万 ~ 50万円,"
株式会社テイジイエル",大阪市 城見,https://jp.indeed.com/viewjob?jk=b9fc6184a101c18e
画像AIエンジニア(先端IT技術/社内開発),月給 20万 ~ 60万円,"
株式会社メディノス",大阪市 本町駅,https://jp.indeed.com/viewjob?jk=f086a1a9b5662163
プログラマ,月給 18万 ~ 22万円,"
株式会社パナシア",大阪市 博労町,https://jp.indeed.com/viewjob?jk=184762c9bad40744
Webコーダー,月給 23万 ~ 35万円,"
株式会社Cyujo(チュウジョ)",大阪市 北浜,https://jp.indeed.com/viewjob?jk=e19683c0bd746fbf
プログラマー,月給 26万 ~ 35万円,"
大和システム株式会社",大阪市 福島区福島,https://jp.indeed.com/viewjob?jk=94e80fa0841ee56b
システムエンジニア,年収 340万 ~ 800万円,"
株式会社グラッドキューブ",大阪市 瓦町,https://jp.indeed.com/viewjob?jk=6bafd9927825effd
システムエンジニア,月給 30万 ~ 100万円,"
株式会社シーテク",大阪市 北区梅田,https://jp.indeed.com/viewjob?jk=4466479a70e168a2
システムエンジニア,年収 400万 ~ 600万円,"
株式会社キーマレクス",大阪市,https://jp.indeed.com/viewjob?jk=2f456821be28b209
制御系システム開発,月給 28万 ~ 40万円,"
株式会社ダイキエンジニアリング<大阪営業所>",門真市,https://jp.indeed.com/viewjob?jk=a1e7eef1c1e27cbd
サーバ　ネットワーク運用保守SE,月給 23万 ~ 40万円,"
株式会社エフ・エム",大阪市 中央区安土町,https://jp.indeed.com/viewjob?jk=7cebbefbacc14aa8
システムエンジニア,月給 25万 ~ 40万円,"
アクトシステムズ株式会社",大阪市 西中島,https://jp.indeed.com/viewjob?jk=76f371436ef98e63
SE　PG,月給 22万 ~ 40万円,"
株式会社クラックスシステム",大阪市 瓦町,https://jp.indeed.com/viewjob?jk=0cdd096609ced46d
アプリプログラマ(未経験歓迎),年収 300万 ~ 600万円,"
株式会社LUXAS",堺市 中区,https://jp.indeed.com/viewjob?jk=068bd43d4b46ab1d
インフラエンジニア【大阪市】,月給 25万 ~ 45万円,"
エクトミシステム株式会社",大阪市 中央区,https://jp.indeed.com/viewjob?jk=b917d596c34e9575
SE(システムエンジニア),月給 25万 ~ 45万円,"
エクトミシステム株式会社",大阪市 本町,https://jp.indeed.com/viewjob?jk=ab1b99335ab33f14
【正社員】Java開発エンジニア,月給 25万 ~ 45万円,"
エクトミシステム株式会社",大阪市,https://jp.indeed.com/viewjob?jk=72c9b6a026117c64
IoT関連のWEBアプリケーション開発,月給 19万 ~ 30万円,"
図研テック株式会社",大阪市 梅田駅,https://jp.indeed.com/viewjob?jk=c3f61ad95b75440c
システムエンジニア,月給 23.3万 ~ 40.7万円,"
株式会社ユーネット",大阪市 南森町,https://jp.indeed.com/viewjob?jk=31eb529ea93b0c01
社内システム開発,月給 17.7万 ~ 35.0万円,"
ファイズコンピュータテクノロジーズ株式会社",大阪市 北区梅田,https://jp.indeed.com/viewjob?jk=1ab6687c4c799c6d
WEBサイト運営サポート業務!週2日~、1日3h~,"時給 1,100 ~ 1,500円","
有限会社エナレッジ",寝屋川市 池田,https://jp.indeed.com/viewjob?jk=b4f7cf74090a73bb
システムエンジニア,月給 25万 ~ 45万円,"
エクトミシステム株式会社",大阪市 本町,https://jp.indeed.com/viewjob?jk=294c1a2ce8239246
ネットワーク設計/構築【大阪市】,月給 25万 ~ 45万円,"
エクトミシステム株式会社",大阪市 中央区,https://jp.indeed.com/viewjob?jk=78d02c82e85d2ee1
未経験から応募可能　ソフトウェア開発エンジニア【職業紹介】,月給 25万 ~ 52万円,"
ドリームワーク株式会社",大阪市 大阪駅,https://jp.indeed.com/viewjob?jk=62e3a6f077f6c4e7
【正社員】システムエンジニア/大阪,月給 25万 ~ 45万円,"
富士インフォックス・ネット株式会社",吹田市 豊津町,https://jp.indeed.com/viewjob?jk=300322b3b19ff695
システムエンジニア,月給 22万円,"
株式会社プロシーズ",吹田市 広芝町,https://jp.indeed.com/viewjob?jk=2909f6bc5e5dac31
システムエンジニア,月給 15.4万 ~ 38.0万円,"
NEXT STAGE ASIA CO,.LTD.",大阪市 北区,https://jp.indeed.com/viewjob?jk=320a825037fdff43
開発エンジニア,月給 23万 ~ 30万円,"
株式会社ルート・シー",大阪市 南堀江,https://jp.indeed.com/viewjob?jk=084f4e83a1b76d21
【8割以上が未経験からのスタート!!】正社員 最大2ヶ月の研修で学べる!ITエンジニアで専門スキルをつけてキャリアアップ!!B022,月給 19万円,"
株式会社KIDA",大阪市 南船場,https://jp.indeed.com/viewjob?jk=9c66220ad4ec9c5b
IoTエンジニア,月給 20万 ~ 60万円,"
株式会社メディノス",大阪市 本町駅,https://jp.indeed.com/viewjob?jk=d7e9f057894f58ac
システムエンジニア 経験者は月給30万円〜スタート!,月給 30万 ~ 40万円,"
株式会社ユニバーサルソリューション総研",大阪市 中之島,https://jp.indeed.com/viewjob?jk=ae60359a578b699a
PM・SE・PG(オープン系etc),"時給 2,500円",,豊中市 千里中央駅,https://jp.indeed.com/viewjob?jk=44629e0c22036b6f
SE　PG,年収 280万円,"
ディアシステム株式会社",大阪市 南森町,https://jp.indeed.com/viewjob?jk=97a0778b2eb72f6b
【FB】webデザイナー,年収 400万円,"
株式会社タップ",大阪市 豊崎,https://jp.indeed.com/viewjob?jk=fdaf31e6805730cb
プログラマー(入門者可。最低何か1言語),月給 20万 ~ 35万円,"
シーライヴ株式会社",大阪市 福島駅,https://jp.indeed.com/viewjob?jk=de30e53c4ebb4b01
【大阪】システムエンジニア募集,月給 25万円,"
株式会社　ジェイテック",大阪市 江戸堀,https://jp.indeed.com/viewjob?jk=0976e7eb9439ecf2
プログラマー 経験を活かしてキャリアアップも可能!,月給 30万 ~ 40万円,"
株式会社ユニバーサルソリューション総研",大阪市 西中島,https://jp.indeed.com/viewjob?jk=d6c3b7d9d5350560
育休明けの復職者多数!開発エンジニアのお仕事!,月給 30万円,"
アクサス株式会社",大阪市 福島区,https://jp.indeed.com/viewjob?jk=eaef7a3d2dbe2c72
組込ソフトウェア開発,月給 24万 ~ 38万円,"
株式会社パートナー　大阪オフィス",大阪市 中崎西,https://jp.indeed.com/viewjob?jk=8e501634b517ba97
プログラマー志望の方、実務未経験でも教えます(システム開発)土日祝休み、毎年昇給,月給 20万 ~ 55万円,"
株式会社オモシロック",大阪市 久太郎町,https://jp.indeed.com/viewjob?jk=e2c46c679ca8d922
[マニュアル完備!09時~ 7.75h勤務]IT機器の検査・検品、梱包、データ入力,"時給 1,000 ~ 1,400円","
ジェイズ・コミュニケーション株式会社",大阪市 西中島,https://jp.indeed.com/viewjob?jk=1b38ea2bd0866e27
【経験者大歓迎!】エンジニア 関わりたい案件を選べる,月給 30万円,"
アクサス株式会社",大阪市,https://jp.indeed.com/viewjob?jk=d60b1d0f4054a843
外国人大歓迎 エンジニア 国籍関係なく大活躍できる!!,月給 30万円,"
アクサス株式会社",大阪市 北区,https://jp.indeed.com/viewjob?jk=e36f0c56499d825d
【PM / PL】自社開発クラウドプライム案件/2年連続Google Award受賞!,年収 550万 ~ 700万円,,大阪市,https://jp.indeed.com/viewjob?jk=73f5233005368514
ソフトウェア開発,年収 280万 ~ 550万円,"
株式会社パートナー",門真市,https://jp.indeed.com/viewjob?jk=7513682afa5d8a10
【大阪/SE】希望にあった案件・働き方を選べます!〜iOS開発のパイオニア,年収 350万 ~ 600万円,,大阪市,https://jp.indeed.com/viewjob?jk=0d1f2a5dba867222
【経験言語不問】大阪/Sansanの開発エンジニア,"年収 448万 ~ 1,204万円",,大阪市 北区,https://jp.indeed.com/viewjob?jk=cbc66db847e6f26d
ゲーム開発エンジニア(サーバサイド),"年収 500万 ~ 1,000万円",,大阪市 中之島,https://jp.indeed.com/viewjob?jk=0b74638753adb5b3
プログラマー・エンジニア(ゲーム・アプリケーション開発)【新卒・第二新卒】,月給 22.8万円,"
株式会社ヨコゴシステムズ",大阪市 中央区,https://jp.indeed.com/viewjob?jk=9fcbba17614fcf35
【学歴不問!働きやすさ重視】エンジニア経験浅い方もOK・自社内開発有り・取得支援対象資格100種以上!B019,月給 30万 ~ 60万円,"
株式会社KIDA",大阪市 梅田駅,https://jp.indeed.com/viewjob?jk=7408446178e12159
【SE / PG】自社開発クラウドプライム案件/Google Award受賞企業!,年収 350万 ~ 700万円,,大阪市,https://jp.indeed.com/viewjob?jk=d888d0cbc991b202
画像認識関連の推論モデルの開発 @摂津富田,"時給 2,200円",,高槻市 富田町,https://jp.indeed.com/viewjob?jk=e5d7ccc53bf0c222
【大手メーカー】光ディスクアーカイブシステムの制御ソフト開発,"時給 2,500円",,門真市 新橋町,https://jp.indeed.com/viewjob?jk=67bfc4be878f93ed
【関西エリア/学歴不問】エンジニア経験3年以上の方向け/プロジェクト案件多数/受託案件あり,年収 350万 ~ 800万円,,大阪市,https://jp.indeed.com/viewjob?jk=fe38e435976df7ea
【関西エリア/学歴不問】エンジニア経験浅い方もOK/自社内開発有り/取得支援対象資格100種以上!,年収 350万 ~ 800万円,,大阪市,https://jp.indeed.com/viewjob?jk=b44310eddf2f5edd
